1597995306.000000,2020-0821-1635-06-000
4.000000,hz
35.63,2020-0821-1635-06-000
35.63,2020-0821-1635-06-250
35.63,2020-0821-1635-06-500
35.63,2020-0821-1635-06-750
35.63,2020-0821-1635-07-000
35.63,2020-0821-1635-07-250
35.63,2020-0821-1635-07-500
35.63,2020-0821-1635-07-750
35.63,2020-0821-1635-08-000
35.63,2020-0821-1635-08-250
35.63,2020-0821-1635-08-500
35.63,2020-0821-1635-08-750
35.61,2020-0821-1635-09-000
35.61,2020-0821-1635-09-250
35.61,2020-0821-1635-09-500
35.61,2020-0821-1635-09-750
35.61,2020-0821-1635-10-000
35.61,2020-0821-1635-10-250
35.61,2020-0821-1635-10-500
35.61,2020-0821-1635-10-750
35.61,2020-0821-1635-11-000
35.61,2020-0821-1635-11-250
35.61,2020-0821-1635-11-500
35.61,2020-0821-1635-11-750
35.63,2020-0821-1635-12-000
35.63,2020-0821-1635-12-250
35.63,2020-0821-1635-12-500
35.63,2020-0821-1635-12-750
35.61,2020-0821-1635-13-000
35.61,2020-0821-1635-13-250
35.61,2020-0821-1635-13-500
35.61,2020-0821-1635-13-750
35.61,2020-0821-1635-14-000
35.61,2020-0821-1635-14-250
35.61,2020-0821-1635-14-500
35.61,2020-0821-1635-14-750
35.61,2020-0821-1635-15-000
35.61,2020-0821-1635-15-250
35.61,2020-0821-1635-15-500
35.61,2020-0821-1635-15-750
35.61,2020-0821-1635-16-000
35.61,2020-0821-1635-16-250
35.61,2020-0821-1635-16-500
35.61,2020-0821-1635-16-750
35.61,2020-0821-1635-17-000
35.61,2020-0821-1635-17-250
35.61,2020-0821-1635-17-500
35.61,2020-0821-1635-17-750
35.61,2020-0821-1635-18-000
35.61,2020-0821-1635-18-250
35.61,2020-0821-1635-18-500
35.61,2020-0821-1635-18-750
35.59,2020-0821-1635-19-000
35.59,2020-0821-1635-19-250
35.59,2020-0821-1635-19-500
35.59,2020-0821-1635-19-750
35.61,2020-0821-1635-20-000
35.61,2020-0821-1635-20-250
35.61,2020-0821-1635-20-500
35.61,2020-0821-1635-20-750
35.59,2020-0821-1635-21-000
35.59,2020-0821-1635-21-250
35.59,2020-0821-1635-21-500
35.59,2020-0821-1635-21-750
35.57,2020-0821-1635-22-000
35.57,2020-0821-1635-22-250
35.57,2020-0821-1635-22-500
35.57,2020-0821-1635-22-750
35.57,2020-0821-1635-23-000
35.57,2020-0821-1635-23-250
35.57,2020-0821-1635-23-500
35.57,2020-0821-1635-23-750
35.59,2020-0821-1635-24-000
35.59,2020-0821-1635-24-250
35.59,2020-0821-1635-24-500
35.59,2020-0821-1635-24-750
35.55,2020-0821-1635-25-000
35.55,2020-0821-1635-25-250
35.55,2020-0821-1635-25-500
35.55,2020-0821-1635-25-750
35.57,2020-0821-1635-26-000
35.57,2020-0821-1635-26-250
35.57,2020-0821-1635-26-500
35.57,2020-0821-1635-26-750
35.57,2020-0821-1635-27-000
35.57,2020-0821-1635-27-250
35.57,2020-0821-1635-27-500
35.57,2020-0821-1635-27-750
35.57,2020-0821-1635-28-000
35.57,2020-0821-1635-28-250
35.57,2020-0821-1635-28-500
35.57,2020-0821-1635-28-750
35.55,2020-0821-1635-29-000
35.55,2020-0821-1635-29-250
35.55,2020-0821-1635-29-500
35.55,2020-0821-1635-29-750
35.55,2020-0821-1635-30-000
35.55,2020-0821-1635-30-250
35.55,2020-0821-1635-30-500
35.55,2020-0821-1635-30-750
35.55,2020-0821-1635-31-000
35.55,2020-0821-1635-31-250
35.55,2020-0821-1635-31-500
35.55,2020-0821-1635-31-750
35.53,2020-0821-1635-32-000
35.53,2020-0821-1635-32-250
35.53,2020-0821-1635-32-500
35.53,2020-0821-1635-32-750
35.55,2020-0821-1635-33-000
35.55,2020-0821-1635-33-250
35.55,2020-0821-1635-33-500
35.55,2020-0821-1635-33-750
35.53,2020-0821-1635-34-000
35.53,2020-0821-1635-34-250
35.53,2020-0821-1635-34-500
35.53,2020-0821-1635-34-750
35.55,2020-0821-1635-35-000
35.55,2020-0821-1635-35-250
35.55,2020-0821-1635-35-500
35.55,2020-0821-1635-35-750
35.53,2020-0821-1635-36-000
35.53,2020-0821-1635-36-250
35.53,2020-0821-1635-36-500
35.53,2020-0821-1635-36-750
35.53,2020-0821-1635-37-000
35.53,2020-0821-1635-37-250
35.53,2020-0821-1635-37-500
35.53,2020-0821-1635-37-750
35.53,2020-0821-1635-38-000
35.53,2020-0821-1635-38-250
35.53,2020-0821-1635-38-500
35.53,2020-0821-1635-38-750
35.53,2020-0821-1635-39-000
35.53,2020-0821-1635-39-250
35.53,2020-0821-1635-39-500
35.53,2020-0821-1635-39-750
35.50,2020-0821-1635-40-000
35.50,2020-0821-1635-40-250
35.50,2020-0821-1635-40-500
35.50,2020-0821-1635-40-750
35.50,2020-0821-1635-41-000
35.50,2020-0821-1635-41-250
35.50,2020-0821-1635-41-500
35.50,2020-0821-1635-41-750
35.53,2020-0821-1635-42-000
35.53,2020-0821-1635-42-250
35.53,2020-0821-1635-42-500
35.53,2020-0821-1635-42-750
35.50,2020-0821-1635-43-000
35.50,2020-0821-1635-43-250
35.50,2020-0821-1635-43-500
35.50,2020-0821-1635-43-750
35.50,2020-0821-1635-44-000
35.50,2020-0821-1635-44-250
35.50,2020-0821-1635-44-500
35.50,2020-0821-1635-44-750
35.50,2020-0821-1635-45-000
35.50,2020-0821-1635-45-250
35.50,2020-0821-1635-45-500
35.50,2020-0821-1635-45-750
35.50,2020-0821-1635-46-000
35.50,2020-0821-1635-46-250
35.50,2020-0821-1635-46-500
35.50,2020-0821-1635-46-750
35.53,2020-0821-1635-47-000
35.53,2020-0821-1635-47-250
35.53,2020-0821-1635-47-500
35.53,2020-0821-1635-47-750
35.49,2020-0821-1635-48-000
35.49,2020-0821-1635-48-250
35.49,2020-0821-1635-48-500
35.49,2020-0821-1635-48-750
35.49,2020-0821-1635-49-000
35.49,2020-0821-1635-49-250
35.49,2020-0821-1635-49-500
35.49,2020-0821-1635-49-750
35.50,2020-0821-1635-50-000
35.50,2020-0821-1635-50-250
35.50,2020-0821-1635-50-500
35.50,2020-0821-1635-50-750
35.49,2020-0821-1635-51-000
35.49,2020-0821-1635-51-250
35.49,2020-0821-1635-51-500
35.49,2020-0821-1635-51-750
35.47,2020-0821-1635-52-000
35.47,2020-0821-1635-52-250
35.47,2020-0821-1635-52-500
35.47,2020-0821-1635-52-750
35.49,2020-0821-1635-53-000
35.49,2020-0821-1635-53-250
35.49,2020-0821-1635-53-500
35.49,2020-0821-1635-53-750
35.49,2020-0821-1635-54-000
35.49,2020-0821-1635-54-250
35.49,2020-0821-1635-54-500
35.49,2020-0821-1635-54-750
35.49,2020-0821-1635-55-000
35.49,2020-0821-1635-55-250
35.49,2020-0821-1635-55-500
35.49,2020-0821-1635-55-750
35.50,2020-0821-1635-56-000
35.50,2020-0821-1635-56-250
35.50,2020-0821-1635-56-500
35.50,2020-0821-1635-56-750
35.49,2020-0821-1635-57-000
35.49,2020-0821-1635-57-250
35.49,2020-0821-1635-57-500
35.49,2020-0821-1635-57-750
35.50,2020-0821-1635-58-000
35.50,2020-0821-1635-58-250
35.50,2020-0821-1635-58-500
35.50,2020-0821-1635-58-750
35.50,2020-0821-1635-59-000
35.50,2020-0821-1635-59-250
35.50,2020-0821-1635-59-500
35.50,2020-0821-1635-59-750
35.50,2020-0821-1636-00-000
35.50,2020-0821-1636-00-250
35.50,2020-0821-1636-00-500
35.50,2020-0821-1636-00-750
35.50,2020-0821-1636-01-000
35.50,2020-0821-1636-01-250
35.50,2020-0821-1636-01-500
35.50,2020-0821-1636-01-750
35.53,2020-0821-1636-02-000
35.53,2020-0821-1636-02-250
35.53,2020-0821-1636-02-500
35.53,2020-0821-1636-02-750
35.49,2020-0821-1636-03-000
35.49,2020-0821-1636-03-250
35.49,2020-0821-1636-03-500
35.49,2020-0821-1636-03-750
35.53,2020-0821-1636-04-000
35.53,2020-0821-1636-04-250
35.53,2020-0821-1636-04-500
35.53,2020-0821-1636-04-750
35.53,2020-0821-1636-05-000
35.53,2020-0821-1636-05-250
35.53,2020-0821-1636-05-500
35.53,2020-0821-1636-05-750
35.50,2020-0821-1636-06-000
35.50,2020-0821-1636-06-250
35.50,2020-0821-1636-06-500
35.50,2020-0821-1636-06-750
35.49,2020-0821-1636-07-000
35.49,2020-0821-1636-07-250
35.49,2020-0821-1636-07-500
35.49,2020-0821-1636-07-750
35.50,2020-0821-1636-08-000
35.50,2020-0821-1636-08-250
35.50,2020-0821-1636-08-500
35.50,2020-0821-1636-08-750
35.50,2020-0821-1636-09-000
35.50,2020-0821-1636-09-250
35.50,2020-0821-1636-09-500
35.50,2020-0821-1636-09-750
35.49,2020-0821-1636-10-000
35.49,2020-0821-1636-10-250
35.49,2020-0821-1636-10-500
35.49,2020-0821-1636-10-750
35.50,2020-0821-1636-11-000
35.50,2020-0821-1636-11-250
35.50,2020-0821-1636-11-500
35.50,2020-0821-1636-11-750
35.50,2020-0821-1636-12-000
35.50,2020-0821-1636-12-250
35.50,2020-0821-1636-12-500
35.50,2020-0821-1636-12-750
35.50,2020-0821-1636-13-000
35.50,2020-0821-1636-13-250
35.50,2020-0821-1636-13-500
35.50,2020-0821-1636-13-750,Sess02_script06_User003F_001
35.50,2020-0821-1636-14-000,Sess02_script06_User003F_001
35.50,2020-0821-1636-14-250,Sess02_script06_User003F_001
35.50,2020-0821-1636-14-500,Sess02_script06_User003F_001
35.50,2020-0821-1636-14-750,Sess02_script06_User003F_001
35.53,2020-0821-1636-15-000,Sess02_script06_User003F_001
35.53,2020-0821-1636-15-250,Sess02_script06_User003F_001
35.53,2020-0821-1636-15-500,Sess02_script06_User003F_001
35.53,2020-0821-1636-15-750,Sess02_script06_User003F_001
35.50,2020-0821-1636-16-000,Sess02_script06_User003F_001
35.50,2020-0821-1636-16-250,Sess02_script06_User003F_001
35.50,2020-0821-1636-16-500,Sess02_script06_User003F_001
35.50,2020-0821-1636-16-750,Sess02_script06_User003F_001
35.53,2020-0821-1636-17-000,Sess02_script06_User003F_001
35.53,2020-0821-1636-17-250,Sess02_script06_User003F_001
35.53,2020-0821-1636-17-500,Sess02_script06_User003F_001
35.53,2020-0821-1636-17-750,Sess02_script06_User003F_001
35.49,2020-0821-1636-18-000,Sess02_script06_User003F_001
35.49,2020-0821-1636-18-250,Sess02_script06_User003F_001
35.49,2020-0821-1636-18-500,Sess02_script06_User003F_001
35.49,2020-0821-1636-18-750,Sess02_script06_User003F_001
35.50,2020-0821-1636-19-000,Sess02_script06_User003F_001
35.50,2020-0821-1636-19-250,Sess02_script06_User003F_001
35.50,2020-0821-1636-19-500,Sess02_script06_User003F_001
35.50,2020-0821-1636-19-750,Sess02_script06_User003F_001
35.50,2020-0821-1636-20-000,Sess02_script06_User003F_001
35.50,2020-0821-1636-20-250,Sess02_script06_User003F_001
35.50,2020-0821-1636-20-500,Sess02_script06_User003F_001
35.50,2020-0821-1636-20-750,Sess02_script06_User003F_001
35.53,2020-0821-1636-21-000,Sess02_script06_User003F_001
35.53,2020-0821-1636-21-250,Sess02_script06_User003F_001
35.53,2020-0821-1636-21-500,Sess02_script06_User003F_001
35.53,2020-0821-1636-21-750,Sess02_script06_User003F_001
35.50,2020-0821-1636-22-000,Sess02_script06_User003F_001
35.50,2020-0821-1636-22-250,Sess02_script06_User003F_001
35.50,2020-0821-1636-22-500,Sess02_script06_User003F_001
35.50,2020-0821-1636-22-750,Sess02_script06_User003F_001
35.53,2020-0821-1636-23-000,Sess02_script06_User003F_001
35.53,2020-0821-1636-23-250,Sess02_script06_User003F_001
35.53,2020-0821-1636-23-500,Sess02_script06_User003F_001
35.53,2020-0821-1636-23-750,Sess02_script06_User003F_001
35.50,2020-0821-1636-24-000,Sess02_script06_User003F_001
35.50,2020-0821-1636-24-250,Sess02_script06_User003F_001
35.50,2020-0821-1636-24-500,Sess02_script06_User003F_001
35.50,2020-0821-1636-24-750,Sess02_script06_User003F_001
35.50,2020-0821-1636-25-000,Sess02_script06_User003F_001
35.50,2020-0821-1636-25-250,Sess02_script06_User003F_001
35.50,2020-0821-1636-25-500,Sess02_script06_User003F_001
35.50,2020-0821-1636-25-750,Sess02_script06_User003F_001
35.50,2020-0821-1636-26-000,Sess02_script06_User003F_001
35.50,2020-0821-1636-26-250,Sess02_script06_User003F_001
35.50,2020-0821-1636-26-500,Sess02_script06_User003F_001
35.50,2020-0821-1636-26-750,Sess02_script06_User003F_001
35.49,2020-0821-1636-27-000,Sess02_script06_User003F_001
35.49,2020-0821-1636-27-250,Sess02_script06_User003F_001
35.49,2020-0821-1636-27-500,Sess02_script06_User003F_001
35.49,2020-0821-1636-27-750,Sess02_script06_User003F_001
35.50,2020-0821-1636-28-000,Sess02_script06_User003F_001
35.50,2020-0821-1636-28-250,Sess02_script06_User003F_001
35.50,2020-0821-1636-28-500,Sess02_script06_User003F_001
35.50,2020-0821-1636-28-750,Sess02_script06_User003F_001
35.50,2020-0821-1636-29-000,Sess02_script06_User003F_001
35.50,2020-0821-1636-29-250,Sess02_script06_User003F_001
35.50,2020-0821-1636-29-500,Sess02_script06_User003F_001
35.50,2020-0821-1636-29-750,Sess02_script06_User003F_001
35.50,2020-0821-1636-30-000,Sess02_script06_User003F_001
35.50,2020-0821-1636-30-250,Sess02_script06_User003F_001
35.50,2020-0821-1636-30-500,Sess02_script06_User003F_001
35.50,2020-0821-1636-30-750,Sess02_script06_User003F_001
35.50,2020-0821-1636-31-000,Sess02_script06_User003F_001
35.50,2020-0821-1636-31-250,Sess02_script06_User003F_001
35.50,2020-0821-1636-31-500,Sess02_script06_User003F_001
35.50,2020-0821-1636-31-750,Sess02_script06_User003F_001
35.50,2020-0821-1636-32-000,Sess02_script06_User003F_001
35.50,2020-0821-1636-32-250,Sess02_script06_User003F_001
35.50,2020-0821-1636-32-500,Sess02_script06_User003F_002
35.50,2020-0821-1636-32-750,Sess02_script06_User003F_002
35.50,2020-0821-1636-33-000,Sess02_script06_User003F_002
35.50,2020-0821-1636-33-250,Sess02_script06_User003F_002
35.50,2020-0821-1636-33-500,Sess02_script06_User003F_002
35.50,2020-0821-1636-33-750,Sess02_script06_User003F_002
35.50,2020-0821-1636-34-000,Sess02_script06_User003F_002
35.50,2020-0821-1636-34-250,Sess02_script06_User003F_002
35.50,2020-0821-1636-34-500,Sess02_script06_User003F_002
35.50,2020-0821-1636-34-750,Sess02_script06_User003F_002
35.50,2020-0821-1636-35-000,Sess02_script06_User003F_002
35.50,2020-0821-1636-35-250,Sess02_script06_User003F_002
35.50,2020-0821-1636-35-500,Sess02_script06_User003F_002
35.50,2020-0821-1636-35-750,Sess02_script06_User003F_002
35.50,2020-0821-1636-36-000,Sess02_script06_User003F_002
35.50,2020-0821-1636-36-250,Sess02_script06_User003F_002
35.50,2020-0821-1636-36-500,Sess02_script06_User003F_002
35.50,2020-0821-1636-36-750,Sess02_script06_User003F_002
35.53,2020-0821-1636-37-000,Sess02_script06_User003F_002
35.53,2020-0821-1636-37-250,Sess02_script06_User003F_002
35.53,2020-0821-1636-37-500,Sess02_script06_User003F_002
35.53,2020-0821-1636-37-750,Sess02_script06_User003F_002
35.50,2020-0821-1636-38-000,Sess02_script06_User003F_002
35.50,2020-0821-1636-38-250,Sess02_script06_User003F_002
35.50,2020-0821-1636-38-500,Sess02_script06_User003F_002
35.50,2020-0821-1636-38-750,Sess02_script06_User003F_002
35.53,2020-0821-1636-39-000,Sess02_script06_User003F_002
35.53,2020-0821-1636-39-250,Sess02_script06_User003F_002
35.53,2020-0821-1636-39-500,Sess02_script06_User003F_002
35.53,2020-0821-1636-39-750,Sess02_script06_User003F_003
35.50,2020-0821-1636-40-000,Sess02_script06_User003F_003
35.50,2020-0821-1636-40-250,Sess02_script06_User003F_003
35.50,2020-0821-1636-40-500,Sess02_script06_User003F_003
35.50,2020-0821-1636-40-750,Sess02_script06_User003F_003
35.53,2020-0821-1636-41-000,Sess02_script06_User003F_003
35.53,2020-0821-1636-41-250,Sess02_script06_User003F_003
35.53,2020-0821-1636-41-500,Sess02_script06_User003F_003
35.53,2020-0821-1636-41-750,Sess02_script06_User003F_003
35.53,2020-0821-1636-42-000,Sess02_script06_User003F_003
35.53,2020-0821-1636-42-250,Sess02_script06_User003F_003
35.53,2020-0821-1636-42-500,Sess02_script06_User003F_003
35.53,2020-0821-1636-42-750,Sess02_script06_User003F_003
35.50,2020-0821-1636-43-000,Sess02_script06_User003F_003
35.50,2020-0821-1636-43-250,Sess02_script06_User003F_003
35.50,2020-0821-1636-43-500,Sess02_script06_User003F_004
35.50,2020-0821-1636-43-750,Sess02_script06_User003F_004
35.50,2020-0821-1636-44-000,Sess02_script06_User003F_004
35.50,2020-0821-1636-44-250,Sess02_script06_User003F_004
35.50,2020-0821-1636-44-500,Sess02_script06_User003F_004
35.50,2020-0821-1636-44-750,Sess02_script06_User003F_004
35.50,2020-0821-1636-45-000,Sess02_script06_User003F_004
35.50,2020-0821-1636-45-250,Sess02_script06_User003F_004
35.50,2020-0821-1636-45-500,Sess02_script06_User003F_004
35.50,2020-0821-1636-45-750,Sess02_script06_User003F_004
35.53,2020-0821-1636-46-000,Sess02_script06_User003F_005
35.53,2020-0821-1636-46-250,Sess02_script06_User003F_005
35.53,2020-0821-1636-46-500,Sess02_script06_User003F_005
35.53,2020-0821-1636-46-750,Sess02_script06_User003F_005
35.53,2020-0821-1636-47-000,Sess02_script06_User003F_005
35.53,2020-0821-1636-47-250,Sess02_script06_User003F_005
35.53,2020-0821-1636-47-500,Sess02_script06_User003F_005
35.53,2020-0821-1636-47-750,Sess02_script06_User003F_005
35.53,2020-0821-1636-48-000,Sess02_script06_User003F_005
35.53,2020-0821-1636-48-250,Sess02_script06_User003F_005
35.53,2020-0821-1636-48-500,Sess02_script06_User003F_005
35.53,2020-0821-1636-48-750,Sess02_script06_User003F_005
35.53,2020-0821-1636-49-000,Sess02_script06_User003F_005
35.53,2020-0821-1636-49-250,Sess02_script06_User003F_005
35.53,2020-0821-1636-49-500,Sess02_script06_User003F_005
35.53,2020-0821-1636-49-750,Sess02_script06_User003F_006
35.57,2020-0821-1636-50-000,Sess02_script06_User003F_006
35.57,2020-0821-1636-50-250,Sess02_script06_User003F_006
35.57,2020-0821-1636-50-500,Sess02_script06_User003F_006
35.57,2020-0821-1636-50-750,Sess02_script06_User003F_006
35.55,2020-0821-1636-51-000,Sess02_script06_User003F_006
35.55,2020-0821-1636-51-250,Sess02_script06_User003F_006
35.55,2020-0821-1636-51-500,Sess02_script06_User003F_006
35.55,2020-0821-1636-51-750,Sess02_script06_User003F_006
35.55,2020-0821-1636-52-000,Sess02_script06_User003F_006
35.55,2020-0821-1636-52-250,Sess02_script06_User003F_006
35.55,2020-0821-1636-52-500,Sess02_script06_User003F_006
35.55,2020-0821-1636-52-750,Sess02_script06_User003F_006
35.57,2020-0821-1636-53-000,Sess02_script06_User003F_006
35.57,2020-0821-1636-53-250,Sess02_script06_User003F_006
35.57,2020-0821-1636-53-500,Sess02_script06_User003F_006
35.57,2020-0821-1636-53-750,Sess02_script06_User003F_006
35.53,2020-0821-1636-54-000,Sess02_script06_User003F_006
35.53,2020-0821-1636-54-250,Sess02_script06_User003F_006
35.53,2020-0821-1636-54-500,Sess02_script06_User003F_006
35.53,2020-0821-1636-54-750,Sess02_script06_User003F_006
35.55,2020-0821-1636-55-000,Sess02_script06_User003F_006
35.55,2020-0821-1636-55-250,Sess02_script06_User003F_006
35.55,2020-0821-1636-55-500,Sess02_script06_User003F_006
35.55,2020-0821-1636-55-750,Sess02_script06_User003F_006
35.55,2020-0821-1636-56-000,Sess02_script06_User003F_006
35.55,2020-0821-1636-56-250,Sess02_script06_User003F_006
35.55,2020-0821-1636-56-500,Sess02_script06_User003F_006
35.55,2020-0821-1636-56-750,Sess02_script06_User003F_006
35.53,2020-0821-1636-57-000,Sess02_script06_User003F_006
35.53,2020-0821-1636-57-250,Sess02_script06_User003F_006
35.53,2020-0821-1636-57-500,Sess02_script06_User003F_006
35.53,2020-0821-1636-57-750,Sess02_script06_User003F_006
35.55,2020-0821-1636-58-000,Sess02_script06_User003F_006
35.55,2020-0821-1636-58-250,Sess02_script06_User003F_006
35.55,2020-0821-1636-58-500,Sess02_script06_User003F_006
35.55,2020-0821-1636-58-750,Sess02_script06_User003F_006
35.57,2020-0821-1636-59-000,Sess02_script06_User003F_006
35.57,2020-0821-1636-59-250,Sess02_script06_User003F_006
35.57,2020-0821-1636-59-500,Sess02_script06_User003F_006
35.57,2020-0821-1636-59-750,Sess02_script06_User003F_006
35.55,2020-0821-1637-00-000,Sess02_script06_User003F_006
35.55,2020-0821-1637-00-250,Sess02_script06_User003F_006
35.55,2020-0821-1637-00-500,Sess02_script06_User003F_006
35.55,2020-0821-1637-00-750,Sess02_script06_User003F_007
35.55,2020-0821-1637-01-000,Sess02_script06_User003F_007
35.55,2020-0821-1637-01-250,Sess02_script06_User003F_007
35.55,2020-0821-1637-01-500,Sess02_script06_User003F_007
35.55,2020-0821-1637-01-750,Sess02_script06_User003F_007
35.57,2020-0821-1637-02-000,Sess02_script06_User003F_007
35.57,2020-0821-1637-02-250,Sess02_script06_User003F_007
35.57,2020-0821-1637-02-500,Sess02_script06_User003F_007
35.57,2020-0821-1637-02-750,Sess02_script06_User003F_007
35.53,2020-0821-1637-03-000,Sess02_script06_User003F_007
35.53,2020-0821-1637-03-250,Sess02_script06_User003F_007
35.53,2020-0821-1637-03-500,Sess02_script06_User003F_007
35.53,2020-0821-1637-03-750,Sess02_script06_User003F_007
35.59,2020-0821-1637-04-000,Sess02_script06_User003F_007
35.59,2020-0821-1637-04-250,Sess02_script06_User003F_007
35.59,2020-0821-1637-04-500,Sess02_script06_User003F_007
35.59,2020-0821-1637-04-750,Sess02_script06_User003F_007
35.57,2020-0821-1637-05-000,Sess02_script06_User003F_007
35.57,2020-0821-1637-05-250,Sess02_script06_User003F_007
35.57,2020-0821-1637-05-500,Sess02_script06_User003F_007
35.57,2020-0821-1637-05-750,Sess02_script06_User003F_007
35.57,2020-0821-1637-06-000,Sess02_script06_User003F_007
35.57,2020-0821-1637-06-250,Sess02_script06_User003F_007
35.57,2020-0821-1637-06-500,Sess02_script06_User003F_007
35.57,2020-0821-1637-06-750,Sess02_script06_User003F_007
35.59,2020-0821-1637-07-000,Sess02_script06_User003F_007
35.59,2020-0821-1637-07-250,Sess02_script06_User003F_007
35.59,2020-0821-1637-07-500,Sess02_script06_User003F_007
35.59,2020-0821-1637-07-750,Sess02_script06_User003F_007
35.57,2020-0821-1637-08-000,Sess02_script06_User003F_007
35.57,2020-0821-1637-08-250,Sess02_script06_User003F_007
35.57,2020-0821-1637-08-500,Sess02_script06_User003F_007
35.57,2020-0821-1637-08-750,Sess02_script06_User003F_007
35.59,2020-0821-1637-09-000,Sess02_script06_User003F_008
35.59,2020-0821-1637-09-250,Sess02_script06_User003F_008
35.59,2020-0821-1637-09-500,Sess02_script06_User003F_008
35.59,2020-0821-1637-09-750,Sess02_script06_User003F_008
35.59,2020-0821-1637-10-000,Sess02_script06_User003F_008
35.59,2020-0821-1637-10-250,Sess02_script06_User003F_008
35.59,2020-0821-1637-10-500,Sess02_script06_User003F_008
35.59,2020-0821-1637-10-750,Sess02_script06_User003F_008
35.61,2020-0821-1637-11-000,Sess02_script06_User003F_008
35.61,2020-0821-1637-11-250,Sess02_script06_User003F_008
35.61,2020-0821-1637-11-500,Sess02_script06_User003F_008
35.61,2020-0821-1637-11-750,Sess02_script06_User003F_008
35.59,2020-0821-1637-12-000,Sess02_script06_User003F_008
35.59,2020-0821-1637-12-250,Sess02_script06_User003F_008
35.59,2020-0821-1637-12-500,Sess02_script06_User003F_009
35.59,2020-0821-1637-12-750,Sess02_script06_User003F_009
35.59,2020-0821-1637-13-000,Sess02_script06_User003F_009
35.59,2020-0821-1637-13-250,Sess02_script06_User003F_009
35.59,2020-0821-1637-13-500,Sess02_script06_User003F_009
35.59,2020-0821-1637-13-750,Sess02_script06_User003F_009
35.59,2020-0821-1637-14-000,Sess02_script06_User003F_009
35.59,2020-0821-1637-14-250,Sess02_script06_User003F_009
35.59,2020-0821-1637-14-500,Sess02_script06_User003F_009
35.59,2020-0821-1637-14-750,Sess02_script06_User003F_009
35.59,2020-0821-1637-15-000,Sess02_script06_User003F_009
35.59,2020-0821-1637-15-250,Sess02_script06_User003F_009
35.59,2020-0821-1637-15-500,Sess02_script06_User003F_009
35.59,2020-0821-1637-15-750,Sess02_script06_User003F_009
35.59,2020-0821-1637-16-000,Sess02_script06_User003F_009
35.59,2020-0821-1637-16-250,Sess02_script06_User003F_009
35.59,2020-0821-1637-16-500,Sess02_script06_User003F_009
35.59,2020-0821-1637-16-750,Sess02_script06_User003F_010
35.59,2020-0821-1637-17-000,Sess02_script06_User003F_010
35.59,2020-0821-1637-17-250,Sess02_script06_User003F_010
35.59,2020-0821-1637-17-500,Sess02_script06_User003F_010
35.59,2020-0821-1637-17-750,Sess02_script06_User003F_010
35.59,2020-0821-1637-18-000,Sess02_script06_User003F_010
35.59,2020-0821-1637-18-250,Sess02_script06_User003F_010
35.59,2020-0821-1637-18-500,Sess02_script06_User003F_010
35.59,2020-0821-1637-18-750,Sess02_script06_User003F_010
35.61,2020-0821-1637-19-000,Sess02_script06_User003F_010
35.61,2020-0821-1637-19-250,Sess02_script06_User003F_010
35.61,2020-0821-1637-19-500,Sess02_script06_User003F_010
35.61,2020-0821-1637-19-750,Sess02_script06_User003F_010
35.61,2020-0821-1637-20-000,Sess02_script06_User003F_010
35.61,2020-0821-1637-20-250,Sess02_script06_User003F_010
35.61,2020-0821-1637-20-500,Sess02_script06_User003F_010
35.61,2020-0821-1637-20-750,Sess02_script06_User003F_010
35.61,2020-0821-1637-21-000,Sess02_script06_User003F_010
35.61,2020-0821-1637-21-250,Sess02_script06_User003F_010
35.61,2020-0821-1637-21-500,Sess02_script06_User003F_010
35.61,2020-0821-1637-21-750,Sess02_script06_User003F_010
35.63,2020-0821-1637-22-000,Sess02_script06_User003F_010
35.63,2020-0821-1637-22-250,Sess02_script06_User003F_010
35.63,2020-0821-1637-22-500,Sess02_script06_User003F_010
35.63,2020-0821-1637-22-750,Sess02_script06_User003F_010
35.59,2020-0821-1637-23-000,Sess02_script06_User003F_010
35.59,2020-0821-1637-23-250,Sess02_script06_User003F_010
35.59,2020-0821-1637-23-500,Sess02_script06_User003F_010
35.59,2020-0821-1637-23-750,Sess02_script06_User003F_010
35.61,2020-0821-1637-24-000,Sess02_script06_User003F_010
35.61,2020-0821-1637-24-250,Sess02_script06_User003F_010
35.61,2020-0821-1637-24-500,Sess02_script06_User003F_010
35.61,2020-0821-1637-24-750,Sess02_script06_User003F_010
35.61,2020-0821-1637-25-000,Sess02_script06_User003F_010
35.61,2020-0821-1637-25-250,Sess02_script06_User003F_010
35.61,2020-0821-1637-25-500,Sess02_script06_User003F_010
35.61,2020-0821-1637-25-750,Sess02_script06_User003F_010
35.61,2020-0821-1637-26-000,Sess02_script06_User003F_011
35.61,2020-0821-1637-26-250,Sess02_script06_User003F_011
35.61,2020-0821-1637-26-500,Sess02_script06_User003F_011
35.61,2020-0821-1637-26-750,Sess02_script06_User003F_011
35.63,2020-0821-1637-27-000,Sess02_script06_User003F_011
35.63,2020-0821-1637-27-250,Sess02_script06_User003F_011
35.63,2020-0821-1637-27-500,Sess02_script06_User003F_011
35.63,2020-0821-1637-27-750,Sess02_script06_User003F_011
35.61,2020-0821-1637-28-000,Sess02_script06_User003F_011
35.61,2020-0821-1637-28-250,Sess02_script06_User003F_011
35.61,2020-0821-1637-28-500,Sess02_script06_User003F_011
35.61,2020-0821-1637-28-750,Sess02_script06_User003F_011
35.61,2020-0821-1637-29-000,Sess02_script06_User003F_011
35.61,2020-0821-1637-29-250,Sess02_script06_User003F_011
35.61,2020-0821-1637-29-500,Sess02_script06_User003F_011
35.61,2020-0821-1637-29-750,Sess02_script06_User003F_011
35.63,2020-0821-1637-30-000,Sess02_script06_User003F_011
35.63,2020-0821-1637-30-250,Sess02_script06_User003F_011
35.63,2020-0821-1637-30-500,Sess02_script06_User003F_011
35.63,2020-0821-1637-30-750,Sess02_script06_User003F_011
35.63,2020-0821-1637-31-000,Sess02_script06_User003F_011
35.63,2020-0821-1637-31-250,Sess02_script06_User003F_011
35.63,2020-0821-1637-31-500,Sess02_script06_User003F_011
35.63,2020-0821-1637-31-750,Sess02_script06_User003F_011
35.63,2020-0821-1637-32-000,Sess02_script06_User003F_011
35.63,2020-0821-1637-32-250,Sess02_script06_User003F_011
35.63,2020-0821-1637-32-500,Sess02_script06_User003F_011
35.63,2020-0821-1637-32-750,Sess02_script06_User003F_011
35.63,2020-0821-1637-33-000,Sess02_script06_User003F_012
35.63,2020-0821-1637-33-250,Sess02_script06_User003F_012
35.63,2020-0821-1637-33-500,Sess02_script06_User003F_012
35.63,2020-0821-1637-33-750,Sess02_script06_User003F_012
35.63,2020-0821-1637-34-000,Sess02_script06_User003F_012
35.63,2020-0821-1637-34-250,Sess02_script06_User003F_012
35.63,2020-0821-1637-34-500,Sess02_script06_User003F_012
35.63,2020-0821-1637-34-750,Sess02_script06_User003F_012
35.63,2020-0821-1637-35-000,Sess02_script06_User003F_012
35.63,2020-0821-1637-35-250,Sess02_script06_User003F_012
35.63,2020-0821-1637-35-500,Sess02_script06_User003F_012
35.63,2020-0821-1637-35-750,Sess02_script06_User003F_012
35.63,2020-0821-1637-36-000,Sess02_script06_User003F_013
35.63,2020-0821-1637-36-250,Sess02_script06_User003F_013
35.63,2020-0821-1637-36-500,Sess02_script06_User003F_013
35.63,2020-0821-1637-36-750,Sess02_script06_User003F_013
35.63,2020-0821-1637-37-000,Sess02_script06_User003F_013
35.63,2020-0821-1637-37-250,Sess02_script06_User003F_013
35.63,2020-0821-1637-37-500,Sess02_script06_User003F_013
35.63,2020-0821-1637-37-750,Sess02_script06_User003F_013
35.65,2020-0821-1637-38-000,Sess02_script06_User003F_013
35.65,2020-0821-1637-38-250,Sess02_script06_User003F_013
35.65,2020-0821-1637-38-500,Sess02_script06_User003F_013
35.65,2020-0821-1637-38-750,Sess02_script06_User003F_013
35.65,2020-0821-1637-39-000,Sess02_script06_User003F_013
35.65,2020-0821-1637-39-250,Sess02_script06_User003F_013
35.65,2020-0821-1637-39-500,Sess02_script06_User003F_013
35.65,2020-0821-1637-39-750,Sess02_script06_User003F_013
35.61,2020-0821-1637-40-000,Sess02_script06_User003F_013
35.61,2020-0821-1637-40-250,Sess02_script06_User003F_013
35.61,2020-0821-1637-40-500,Sess02_script06_User003F_013
35.61,2020-0821-1637-40-750,Sess02_script06_User003F_013
35.63,2020-0821-1637-41-000,Sess02_script06_User003F_013
35.63,2020-0821-1637-41-250,Sess02_script06_User003F_013
35.63,2020-0821-1637-41-500,Sess02_script06_User003F_013
35.63,2020-0821-1637-41-750,Sess02_script06_User003F_013
35.63,2020-0821-1637-42-000,Sess02_script06_User003F_013
35.63,2020-0821-1637-42-250,Sess02_script06_User003F_013
35.63,2020-0821-1637-42-500,Sess02_script06_User003F_013
35.63,2020-0821-1637-42-750,Sess02_script06_User003F_013
35.63,2020-0821-1637-43-000,Sess02_script06_User003F_013
35.63,2020-0821-1637-43-250,Sess02_script06_User003F_013
35.63,2020-0821-1637-43-500,Sess02_script06_User003F_013
35.63,2020-0821-1637-43-750,Sess02_script06_User003F_013
35.63,2020-0821-1637-44-000,Sess02_script06_User003F_013
35.63,2020-0821-1637-44-250,Sess02_script06_User003F_013
35.63,2020-0821-1637-44-500,Sess02_script06_User003F_013
35.63,2020-0821-1637-44-750,Sess02_script06_User003F_013
35.63,2020-0821-1637-45-000,Sess02_script06_User003F_013
35.63,2020-0821-1637-45-250,Sess02_script06_User003F_013
35.63,2020-0821-1637-45-500,Sess02_script06_User003F_013
35.63,2020-0821-1637-45-750,Sess02_script06_User003F_013
35.65,2020-0821-1637-46-000,Sess02_script06_User003F_014
35.65,2020-0821-1637-46-250,Sess02_script06_User003F_014
35.65,2020-0821-1637-46-500,Sess02_script06_User003F_014
35.65,2020-0821-1637-46-750,Sess02_script06_User003F_014
35.63,2020-0821-1637-47-000,Sess02_script06_User003F_014
35.63,2020-0821-1637-47-250,Sess02_script06_User003F_014
35.63,2020-0821-1637-47-500,Sess02_script06_User003F_014
35.63,2020-0821-1637-47-750,Sess02_script06_User003F_014
35.63,2020-0821-1637-48-000,Sess02_script06_User003F_014
35.63,2020-0821-1637-48-250,Sess02_script06_User003F_014
35.63,2020-0821-1637-48-500,Sess02_script06_User003F_014
35.63,2020-0821-1637-48-750,Sess02_script06_User003F_014
35.61,2020-0821-1637-49-000,Sess02_script06_User003F_014
35.61,2020-0821-1637-49-250,Sess02_script06_User003F_014
35.61,2020-0821-1637-49-500,Sess02_script06_User003F_014
35.61,2020-0821-1637-49-750,Sess02_script06_User003F_014
35.63,2020-0821-1637-50-000,Sess02_script06_User003F_014
35.63,2020-0821-1637-50-250,Sess02_script06_User003F_014
35.63,2020-0821-1637-50-500,Sess02_script06_User003F_014
35.63,2020-0821-1637-50-750,Sess02_script06_User003F_014
35.63,2020-0821-1637-51-000,Sess02_script06_User003F_015
35.63,2020-0821-1637-51-250,Sess02_script06_User003F_015
35.63,2020-0821-1637-51-500,Sess02_script06_User003F_015
35.63,2020-0821-1637-51-750,Sess02_script06_User003F_015
35.63,2020-0821-1637-52-000,Sess02_script06_User003F_015
35.63,2020-0821-1637-52-250,Sess02_script06_User003F_015
35.63,2020-0821-1637-52-500,Sess02_script06_User003F_015
35.63,2020-0821-1637-52-750,Sess02_script06_User003F_015
35.61,2020-0821-1637-53-000,Sess02_script06_User003F_015
35.61,2020-0821-1637-53-250,Sess02_script06_User003F_015
35.61,2020-0821-1637-53-500,Sess02_script06_User003F_015
35.61,2020-0821-1637-53-750,Sess02_script06_User003F_015
35.63,2020-0821-1637-54-000,Sess02_script06_User003F_015
35.63,2020-0821-1637-54-250,Sess02_script06_User003F_015
35.63,2020-0821-1637-54-500,Sess02_script06_User003F_015
35.63,2020-0821-1637-54-750,Sess02_script06_User003F_015
35.61,2020-0821-1637-55-000,Sess02_script06_User003F_015
35.61,2020-0821-1637-55-250,Sess02_script06_User003F_015
35.61,2020-0821-1637-55-500,Sess02_script06_User003F_015
35.61,2020-0821-1637-55-750,Sess02_script06_User003F_015
35.61,2020-0821-1637-56-000,Sess02_script06_User003F_015
35.61,2020-0821-1637-56-250,Sess02_script06_User003F_016
35.61,2020-0821-1637-56-500,Sess02_script06_User003F_016
35.61,2020-0821-1637-56-750,Sess02_script06_User003F_016
35.61,2020-0821-1637-57-000,Sess02_script06_User003F_016
35.61,2020-0821-1637-57-250,Sess02_script06_User003F_016
35.61,2020-0821-1637-57-500,Sess02_script06_User003F_016
35.61,2020-0821-1637-57-750,Sess02_script06_User003F_016
35.63,2020-0821-1637-58-000,Sess02_script06_User003F_016
35.63,2020-0821-1637-58-250,Sess02_script06_User003F_016
35.63,2020-0821-1637-58-500,Sess02_script06_User003F_016
35.63,2020-0821-1637-58-750,Sess02_script06_User003F_016
35.63,2020-0821-1637-59-000,Sess02_script06_User003F_016
35.63,2020-0821-1637-59-250,Sess02_script06_User003F_016
35.63,2020-0821-1637-59-500,Sess02_script06_User003F_017
35.63,2020-0821-1637-59-750,Sess02_script06_User003F_017
35.63,2020-0821-1638-00-000,Sess02_script06_User003F_017
35.63,2020-0821-1638-00-250,Sess02_script06_User003F_017
35.63,2020-0821-1638-00-500,Sess02_script06_User003F_017
35.63,2020-0821-1638-00-750,Sess02_script06_User003F_017
35.63,2020-0821-1638-01-000,Sess02_script06_User003F_017
35.63,2020-0821-1638-01-250,Sess02_script06_User003F_017
35.63,2020-0821-1638-01-500,Sess02_script06_User003F_017
35.63,2020-0821-1638-01-750,Sess02_script06_User003F_017
35.63,2020-0821-1638-02-000,Sess02_script06_User003F_017
35.63,2020-0821-1638-02-250,Sess02_script06_User003F_017
35.63,2020-0821-1638-02-500,Sess02_script06_User003F_018
35.63,2020-0821-1638-02-750,Sess02_script06_User003F_018
35.61,2020-0821-1638-03-000,Sess02_script06_User003F_018
35.61,2020-0821-1638-03-250,Sess02_script06_User003F_018
35.61,2020-0821-1638-03-500,Sess02_script06_User003F_018
35.61,2020-0821-1638-03-750,Sess02_script06_User003F_018
35.61,2020-0821-1638-04-000,Sess02_script06_User003F_019
35.61,2020-0821-1638-04-250,Sess02_script06_User003F_019
35.61,2020-0821-1638-04-500,Sess02_script06_User003F_019
35.61,2020-0821-1638-04-750,Sess02_script06_User003F_019
35.63,2020-0821-1638-05-000,Sess02_script06_User003F_019
35.63,2020-0821-1638-05-250,Sess02_script06_User003F_019
35.63,2020-0821-1638-05-500,Sess02_script06_User003F_019
35.63,2020-0821-1638-05-750,Sess02_script06_User003F_019
35.61,2020-0821-1638-06-000,Sess02_script06_User003F_019
35.61,2020-0821-1638-06-250,Sess02_script06_User003F_019
35.61,2020-0821-1638-06-500,Sess02_script06_User003F_019
35.61,2020-0821-1638-06-750,Sess02_script06_User003F_019
35.63,2020-0821-1638-07-000,Sess02_script06_User003F_019
35.63,2020-0821-1638-07-250,Sess02_script06_User003F_019
35.63,2020-0821-1638-07-500,Sess02_script06_User003F_020
35.63,2020-0821-1638-07-750,Sess02_script06_User003F_020
35.61,2020-0821-1638-08-000,Sess02_script06_User003F_020
35.61,2020-0821-1638-08-250,Sess02_script06_User003F_020
35.61,2020-0821-1638-08-500,Sess02_script06_User003F_020
35.61,2020-0821-1638-08-750,Sess02_script06_User003F_020
35.63,2020-0821-1638-09-000,Sess02_script06_User003F_020
35.63,2020-0821-1638-09-250,Sess02_script06_User003F_020
35.63,2020-0821-1638-09-500,Sess02_script06_User003F_021
35.63,2020-0821-1638-09-750,Sess02_script06_User003F_021
35.61,2020-0821-1638-10-000,Sess02_script06_User003F_021
35.61,2020-0821-1638-10-250,Sess02_script06_User003F_021
35.61,2020-0821-1638-10-500,Sess02_script06_User003F_021
35.61,2020-0821-1638-10-750,Sess02_script06_User003F_021
35.61,2020-0821-1638-11-000,Sess02_script06_User003F_021
35.61,2020-0821-1638-11-250
35.61,2020-0821-1638-11-500
35.61,2020-0821-1638-11-750
35.63,2020-0821-1638-12-000
35.63,2020-0821-1638-12-250
35.63,2020-0821-1638-12-500
35.63,2020-0821-1638-12-750
35.63,2020-0821-1638-13-000
35.63,2020-0821-1638-13-250
35.63,2020-0821-1638-13-500
35.63,2020-0821-1638-13-750
35.63,2020-0821-1638-14-000
35.63,2020-0821-1638-14-250
35.63,2020-0821-1638-14-500
35.63,2020-0821-1638-14-750
35.61,2020-0821-1638-15-000
35.61,2020-0821-1638-15-250
35.61,2020-0821-1638-15-500
35.61,2020-0821-1638-15-750
35.63,2020-0821-1638-16-000
35.63,2020-0821-1638-16-250
35.63,2020-0821-1638-16-500
35.63,2020-0821-1638-16-750
35.61,2020-0821-1638-17-000
35.61,2020-0821-1638-17-250
35.61,2020-0821-1638-17-500
35.61,2020-0821-1638-17-750
35.61,2020-0821-1638-18-000
35.61,2020-0821-1638-18-250
35.61,2020-0821-1638-18-500
35.61,2020-0821-1638-18-750
35.61,2020-0821-1638-19-000
35.61,2020-0821-1638-19-250
35.61,2020-0821-1638-19-500
35.61,2020-0821-1638-19-750
35.61,2020-0821-1638-20-000
35.61,2020-0821-1638-20-250
35.61,2020-0821-1638-20-500
35.61,2020-0821-1638-20-750
35.59,2020-0821-1638-21-000
35.59,2020-0821-1638-21-250
35.59,2020-0821-1638-21-500
35.59,2020-0821-1638-21-750
35.61,2020-0821-1638-22-000
35.61,2020-0821-1638-22-250
35.61,2020-0821-1638-22-500
35.61,2020-0821-1638-22-750
35.59,2020-0821-1638-23-000
35.59,2020-0821-1638-23-250
35.59,2020-0821-1638-23-500
35.59,2020-0821-1638-23-750
35.59,2020-0821-1638-24-000
35.59,2020-0821-1638-24-250
35.59,2020-0821-1638-24-500
35.59,2020-0821-1638-24-750
35.61,2020-0821-1638-25-000
35.61,2020-0821-1638-25-250
35.61,2020-0821-1638-25-500
35.61,2020-0821-1638-25-750
35.61,2020-0821-1638-26-000
35.61,2020-0821-1638-26-250
35.61,2020-0821-1638-26-500
35.61,2020-0821-1638-26-750
35.61,2020-0821-1638-27-000
35.61,2020-0821-1638-27-250
35.61,2020-0821-1638-27-500
35.61,2020-0821-1638-27-750
35.59,2020-0821-1638-28-000
35.59,2020-0821-1638-28-250
35.59,2020-0821-1638-28-500
35.59,2020-0821-1638-28-750
35.57,2020-0821-1638-29-000
35.57,2020-0821-1638-29-250
35.57,2020-0821-1638-29-500
35.57,2020-0821-1638-29-750
35.57,2020-0821-1638-30-000
35.57,2020-0821-1638-30-250
35.57,2020-0821-1638-30-500
35.57,2020-0821-1638-30-750
35.59,2020-0821-1638-31-000
35.59,2020-0821-1638-31-250
35.59,2020-0821-1638-31-500
35.59,2020-0821-1638-31-750
35.59,2020-0821-1638-32-000
35.59,2020-0821-1638-32-250
35.59,2020-0821-1638-32-500
35.59,2020-0821-1638-32-750
35.59,2020-0821-1638-33-000
35.59,2020-0821-1638-33-250
35.59,2020-0821-1638-33-500
35.59,2020-0821-1638-33-750
35.59,2020-0821-1638-34-000
35.59,2020-0821-1638-34-250
35.59,2020-0821-1638-34-500
35.59,2020-0821-1638-34-750
35.59,2020-0821-1638-35-000
35.59,2020-0821-1638-35-250
35.59,2020-0821-1638-35-500
35.59,2020-0821-1638-35-750
35.59,2020-0821-1638-36-000
35.59,2020-0821-1638-36-250
35.59,2020-0821-1638-36-500
35.59,2020-0821-1638-36-750
35.57,2020-0821-1638-37-000
35.57,2020-0821-1638-37-250
35.57,2020-0821-1638-37-500
35.57,2020-0821-1638-37-750
35.57,2020-0821-1638-38-000
35.57,2020-0821-1638-38-250
35.57,2020-0821-1638-38-500
35.57,2020-0821-1638-38-750
35.59,2020-0821-1638-39-000
35.59,2020-0821-1638-39-250
35.59,2020-0821-1638-39-500
35.59,2020-0821-1638-39-750
35.59,2020-0821-1638-40-000
35.59,2020-0821-1638-40-250
35.59,2020-0821-1638-40-500
35.59,2020-0821-1638-40-750
35.55,2020-0821-1638-41-000
35.55,2020-0821-1638-41-250
35.55,2020-0821-1638-41-500
35.55,2020-0821-1638-41-750
35.59,2020-0821-1638-42-000
35.59,2020-0821-1638-42-250
35.59,2020-0821-1638-42-500
35.59,2020-0821-1638-42-750
35.57,2020-0821-1638-43-000
35.57,2020-0821-1638-43-250
35.57,2020-0821-1638-43-500
35.57,2020-0821-1638-43-750
35.59,2020-0821-1638-44-000
35.59,2020-0821-1638-44-250
35.59,2020-0821-1638-44-500
35.59,2020-0821-1638-44-750
35.57,2020-0821-1638-45-000
35.57,2020-0821-1638-45-250
35.57,2020-0821-1638-45-500
35.57,2020-0821-1638-45-750
35.57,2020-0821-1638-46-000
35.57,2020-0821-1638-46-250
35.57,2020-0821-1638-46-500
35.57,2020-0821-1638-46-750
35.55,2020-0821-1638-47-000
35.55,2020-0821-1638-47-250
35.55,2020-0821-1638-47-500
35.55,2020-0821-1638-47-750
35.57,2020-0821-1638-48-000
35.57,2020-0821-1638-48-250
35.57,2020-0821-1638-48-500
35.57,2020-0821-1638-48-750
35.57,2020-0821-1638-49-000
35.57,2020-0821-1638-49-250
35.57,2020-0821-1638-49-500
35.57,2020-0821-1638-49-750
35.57,2020-0821-1638-50-000
35.57,2020-0821-1638-50-250
35.57,2020-0821-1638-50-500
35.57,2020-0821-1638-50-750
35.59,2020-0821-1638-51-000
35.59,2020-0821-1638-51-250
35.59,2020-0821-1638-51-500
35.59,2020-0821-1638-51-750
35.55,2020-0821-1638-52-000
35.55,2020-0821-1638-52-250
35.55,2020-0821-1638-52-500
35.55,2020-0821-1638-52-750
35.55,2020-0821-1638-53-000
35.55,2020-0821-1638-53-250
35.55,2020-0821-1638-53-500
35.55,2020-0821-1638-53-750
35.55,2020-0821-1638-54-000
35.55,2020-0821-1638-54-250
35.55,2020-0821-1638-54-500
35.55,2020-0821-1638-54-750
35.57,2020-0821-1638-55-000
35.57,2020-0821-1638-55-250
35.57,2020-0821-1638-55-500
35.57,2020-0821-1638-55-750
35.55,2020-0821-1638-56-000
35.55,2020-0821-1638-56-250
35.55,2020-0821-1638-56-500
35.55,2020-0821-1638-56-750
35.57,2020-0821-1638-57-000
35.57,2020-0821-1638-57-250
35.57,2020-0821-1638-57-500
35.57,2020-0821-1638-57-750
35.57,2020-0821-1638-58-000
35.57,2020-0821-1638-58-250
35.57,2020-0821-1638-58-500
35.57,2020-0821-1638-58-750
35.53,2020-0821-1638-59-000
35.53,2020-0821-1638-59-250
35.53,2020-0821-1638-59-500
35.53,2020-0821-1638-59-750
35.57,2020-0821-1639-00-000
35.57,2020-0821-1639-00-250
35.57,2020-0821-1639-00-500
35.57,2020-0821-1639-00-750
35.57,2020-0821-1639-01-000
35.57,2020-0821-1639-01-250
35.57,2020-0821-1639-01-500
35.57,2020-0821-1639-01-750
35.57,2020-0821-1639-02-000
35.57,2020-0821-1639-02-250
35.57,2020-0821-1639-02-500
35.57,2020-0821-1639-02-750
35.59,2020-0821-1639-03-000
35.59,2020-0821-1639-03-250
35.59,2020-0821-1639-03-500
35.59,2020-0821-1639-03-750
35.55,2020-0821-1639-04-000
35.55,2020-0821-1639-04-250
35.55,2020-0821-1639-04-500
35.55,2020-0821-1639-04-750
35.55,2020-0821-1639-05-000
35.55,2020-0821-1639-05-250
35.55,2020-0821-1639-05-500
35.55,2020-0821-1639-05-750
35.55,2020-0821-1639-06-000
35.55,2020-0821-1639-06-250
35.55,2020-0821-1639-06-500
35.55,2020-0821-1639-06-750
35.55,2020-0821-1639-07-000
35.55,2020-0821-1639-07-250
35.55,2020-0821-1639-07-500
35.55,2020-0821-1639-07-750
35.57,2020-0821-1639-08-000
35.57,2020-0821-1639-08-250
35.57,2020-0821-1639-08-500
35.57,2020-0821-1639-08-750
35.55,2020-0821-1639-09-000
35.55,2020-0821-1639-09-250
35.55,2020-0821-1639-09-500
35.55,2020-0821-1639-09-750
35.55,2020-0821-1639-10-000
35.55,2020-0821-1639-10-250
35.55,2020-0821-1639-10-500
35.55,2020-0821-1639-10-750
35.57,2020-0821-1639-11-000
35.57,2020-0821-1639-11-250
35.57,2020-0821-1639-11-500
35.57,2020-0821-1639-11-750
35.55,2020-0821-1639-12-000
35.55,2020-0821-1639-12-250
35.55,2020-0821-1639-12-500
35.55,2020-0821-1639-12-750
35.55,2020-0821-1639-13-000
35.55,2020-0821-1639-13-250
35.55,2020-0821-1639-13-500
35.55,2020-0821-1639-13-750
35.57,2020-0821-1639-14-000
35.57,2020-0821-1639-14-250
35.57,2020-0821-1639-14-500
35.57,2020-0821-1639-14-750
35.53,2020-0821-1639-15-000
35.53,2020-0821-1639-15-250
35.53,2020-0821-1639-15-500
35.53,2020-0821-1639-15-750
35.53,2020-0821-1639-16-000
35.53,2020-0821-1639-16-250
35.53,2020-0821-1639-16-500
35.53,2020-0821-1639-16-750
35.55,2020-0821-1639-17-000
35.55,2020-0821-1639-17-250
35.55,2020-0821-1639-17-500
35.55,2020-0821-1639-17-750
35.57,2020-0821-1639-18-000
35.57,2020-0821-1639-18-250
35.57,2020-0821-1639-18-500
35.57,2020-0821-1639-18-750
35.57,2020-0821-1639-19-000
35.57,2020-0821-1639-19-250
35.57,2020-0821-1639-19-500
35.57,2020-0821-1639-19-750
35.55,2020-0821-1639-20-000
35.55,2020-0821-1639-20-250
35.55,2020-0821-1639-20-500
35.55,2020-0821-1639-20-750
35.53,2020-0821-1639-21-000
35.53,2020-0821-1639-21-250
35.53,2020-0821-1639-21-500
35.53,2020-0821-1639-21-750
35.55,2020-0821-1639-22-000
35.55,2020-0821-1639-22-250
35.55,2020-0821-1639-22-500
35.55,2020-0821-1639-22-750
35.55,2020-0821-1639-23-000
35.55,2020-0821-1639-23-250
35.55,2020-0821-1639-23-500
35.55,2020-0821-1639-23-750
35.57,2020-0821-1639-24-000
35.57,2020-0821-1639-24-250
35.57,2020-0821-1639-24-500
35.57,2020-0821-1639-24-750
35.55,2020-0821-1639-25-000
35.55,2020-0821-1639-25-250
35.55,2020-0821-1639-25-500
35.55,2020-0821-1639-25-750
35.55,2020-0821-1639-26-000
35.55,2020-0821-1639-26-250
35.55,2020-0821-1639-26-500
35.55,2020-0821-1639-26-750
35.55,2020-0821-1639-27-000
35.55,2020-0821-1639-27-250
35.55,2020-0821-1639-27-500
35.55,2020-0821-1639-27-750
35.57,2020-0821-1639-28-000
35.57,2020-0821-1639-28-250
35.57,2020-0821-1639-28-500
35.57,2020-0821-1639-28-750
35.55,2020-0821-1639-29-000
35.55,2020-0821-1639-29-250
35.55,2020-0821-1639-29-500
35.55,2020-0821-1639-29-750
35.55,2020-0821-1639-30-000
35.55,2020-0821-1639-30-250
35.55,2020-0821-1639-30-500
35.55,2020-0821-1639-30-750
35.55,2020-0821-1639-31-000
35.55,2020-0821-1639-31-250
35.55,2020-0821-1639-31-500
35.55,2020-0821-1639-31-750
35.57,2020-0821-1639-32-000
35.57,2020-0821-1639-32-250
35.57,2020-0821-1639-32-500
35.57,2020-0821-1639-32-750
35.55,2020-0821-1639-33-000
35.55,2020-0821-1639-33-250
35.55,2020-0821-1639-33-500
35.55,2020-0821-1639-33-750
35.55,2020-0821-1639-34-000
35.55,2020-0821-1639-34-250
35.55,2020-0821-1639-34-500
35.55,2020-0821-1639-34-750
35.55,2020-0821-1639-35-000
35.55,2020-0821-1639-35-250
35.55,2020-0821-1639-35-500
35.55,2020-0821-1639-35-750
35.57,2020-0821-1639-36-000
35.57,2020-0821-1639-36-250
35.57,2020-0821-1639-36-500
35.57,2020-0821-1639-36-750
35.59,2020-0821-1639-37-000
35.59,2020-0821-1639-37-250
35.59,2020-0821-1639-37-500
35.59,2020-0821-1639-37-750
35.57,2020-0821-1639-38-000
35.57,2020-0821-1639-38-250
35.57,2020-0821-1639-38-500
35.57,2020-0821-1639-38-750
35.57,2020-0821-1639-39-000
35.57,2020-0821-1639-39-250
35.57,2020-0821-1639-39-500
35.57,2020-0821-1639-39-750
35.57,2020-0821-1639-40-000
35.57,2020-0821-1639-40-250
35.57,2020-0821-1639-40-500
35.57,2020-0821-1639-40-750
35.55,2020-0821-1639-41-000
35.55,2020-0821-1639-41-250
35.55,2020-0821-1639-41-500
35.55,2020-0821-1639-41-750
35.59,2020-0821-1639-42-000
35.59,2020-0821-1639-42-250
35.59,2020-0821-1639-42-500
35.59,2020-0821-1639-42-750
35.55,2020-0821-1639-43-000
35.55,2020-0821-1639-43-250
35.55,2020-0821-1639-43-500
35.55,2020-0821-1639-43-750
35.57,2020-0821-1639-44-000
35.57,2020-0821-1639-44-250
35.57,2020-0821-1639-44-500
35.57,2020-0821-1639-44-750
35.57,2020-0821-1639-45-000
35.57,2020-0821-1639-45-250
35.57,2020-0821-1639-45-500
35.57,2020-0821-1639-45-750
35.55,2020-0821-1639-46-000
35.55,2020-0821-1639-46-250
35.55,2020-0821-1639-46-500
35.55,2020-0821-1639-46-750
35.57,2020-0821-1639-47-000
35.57,2020-0821-1639-47-250
35.57,2020-0821-1639-47-500
35.57,2020-0821-1639-47-750
35.57,2020-0821-1639-48-000
35.57,2020-0821-1639-48-250
35.57,2020-0821-1639-48-500
35.57,2020-0821-1639-48-750
35.57,2020-0821-1639-49-000
35.57,2020-0821-1639-49-250
35.57,2020-0821-1639-49-500
35.57,2020-0821-1639-49-750
35.59,2020-0821-1639-50-000
35.59,2020-0821-1639-50-250
35.59,2020-0821-1639-50-500
35.59,2020-0821-1639-50-750
35.57,2020-0821-1639-51-000
35.57,2020-0821-1639-51-250
35.57,2020-0821-1639-51-500
35.57,2020-0821-1639-51-750
35.59,2020-0821-1639-52-000
35.59,2020-0821-1639-52-250
35.59,2020-0821-1639-52-500
35.59,2020-0821-1639-52-750
35.57,2020-0821-1639-53-000
35.57,2020-0821-1639-53-250
35.57,2020-0821-1639-53-500
35.57,2020-0821-1639-53-750
35.55,2020-0821-1639-54-000
35.55,2020-0821-1639-54-250
35.55,2020-0821-1639-54-500
35.55,2020-0821-1639-54-750
35.55,2020-0821-1639-55-000,Sess02_script06_User003F_022
35.55,2020-0821-1639-55-250,Sess02_script06_User003F_022
35.55,2020-0821-1639-55-500,Sess02_script06_User003F_022
35.55,2020-0821-1639-55-750,Sess02_script06_User003F_022
35.59,2020-0821-1639-56-000,Sess02_script06_User003F_022
35.59,2020-0821-1639-56-250,Sess02_script06_User003F_022
35.59,2020-0821-1639-56-500,Sess02_script06_User003F_022
35.59,2020-0821-1639-56-750,Sess02_script06_User003F_022
35.61,2020-0821-1639-57-000,Sess02_script06_User003F_022
35.61,2020-0821-1639-57-250,Sess02_script06_User003F_022
35.61,2020-0821-1639-57-500,Sess02_script06_User003F_023
35.61,2020-0821-1639-57-750,Sess02_script06_User003F_023
35.59,2020-0821-1639-58-000,Sess02_script06_User003F_023
35.59,2020-0821-1639-58-250,Sess02_script06_User003F_023
35.59,2020-0821-1639-58-500,Sess02_script06_User003F_023
35.59,2020-0821-1639-58-750,Sess02_script06_User003F_023
35.59,2020-0821-1639-59-000,Sess02_script06_User003F_023
35.59,2020-0821-1639-59-250,Sess02_script06_User003F_023
35.59,2020-0821-1639-59-500,Sess02_script06_User003F_023
35.59,2020-0821-1639-59-750,Sess02_script06_User003F_023
35.61,2020-0821-1640-00-000,Sess02_script06_User003F_023
35.61,2020-0821-1640-00-250,Sess02_script06_User003F_023
35.61,2020-0821-1640-00-500,Sess02_script06_User003F_023
35.61,2020-0821-1640-00-750,Sess02_script06_User003F_023
35.59,2020-0821-1640-01-000,Sess02_script06_User003F_023
35.59,2020-0821-1640-01-250,Sess02_script06_User003F_023
35.59,2020-0821-1640-01-500,Sess02_script06_User003F_023
35.59,2020-0821-1640-01-750,Sess02_script06_User003F_023
35.61,2020-0821-1640-02-000
35.61,2020-0821-1640-02-250
35.61,2020-0821-1640-02-500
35.61,2020-0821-1640-02-750
35.61,2020-0821-1640-03-000
35.61,2020-0821-1640-03-250
35.61,2020-0821-1640-03-500
35.61,2020-0821-1640-03-750
35.59,2020-0821-1640-04-000
35.59,2020-0821-1640-04-250
35.59,2020-0821-1640-04-500
35.59,2020-0821-1640-04-750
35.61,2020-0821-1640-05-000,Sess02_script06_User003F_024
35.61,2020-0821-1640-05-250,Sess02_script06_User003F_024
35.61,2020-0821-1640-05-500,Sess02_script06_User003F_024
35.61,2020-0821-1640-05-750,Sess02_script06_User003F_024
35.61,2020-0821-1640-06-000,Sess02_script06_User003F_024
35.61,2020-0821-1640-06-250,Sess02_script06_User003F_024
35.61,2020-0821-1640-06-500,Sess02_script06_User003F_024
35.61,2020-0821-1640-06-750,Sess02_script06_User003F_024
35.61,2020-0821-1640-07-000,Sess02_script06_User003F_024
35.61,2020-0821-1640-07-250,Sess02_script06_User003F_024
35.61,2020-0821-1640-07-500,Sess02_script06_User003F_024
35.61,2020-0821-1640-07-750,Sess02_script06_User003F_024
35.61,2020-0821-1640-08-000,Sess02_script06_User003F_024
35.61,2020-0821-1640-08-250,Sess02_script06_User003F_024
35.61,2020-0821-1640-08-500,Sess02_script06_User003F_024
35.61,2020-0821-1640-08-750,Sess02_script06_User003F_024
35.61,2020-0821-1640-09-000,Sess02_script06_User003F_024
35.61,2020-0821-1640-09-250,Sess02_script06_User003F_024
35.61,2020-0821-1640-09-500,Sess02_script06_User003F_024
35.61,2020-0821-1640-09-750,Sess02_script06_User003F_024
35.61,2020-0821-1640-10-000,Sess02_script06_User003F_024
35.61,2020-0821-1640-10-250,Sess02_script06_User003F_024
35.61,2020-0821-1640-10-500,Sess02_script06_User003F_024
35.61,2020-0821-1640-10-750,Sess02_script06_User003F_024
35.61,2020-0821-1640-11-000,Sess02_script06_User003F_024
35.61,2020-0821-1640-11-250,Sess02_script06_User003F_024
35.61,2020-0821-1640-11-500,Sess02_script06_User003F_024
35.61,2020-0821-1640-11-750,Sess02_script06_User003F_024
35.61,2020-0821-1640-12-000,Sess02_script06_User003F_024
35.61,2020-0821-1640-12-250,Sess02_script06_User003F_025
35.61,2020-0821-1640-12-500,Sess02_script06_User003F_025
35.61,2020-0821-1640-12-750,Sess02_script06_User003F_025
35.63,2020-0821-1640-13-000,Sess02_script06_User003F_025
35.63,2020-0821-1640-13-250,Sess02_script06_User003F_025
35.63,2020-0821-1640-13-500,Sess02_script06_User003F_025
35.63,2020-0821-1640-13-750,Sess02_script06_User003F_025
35.61,2020-0821-1640-14-000,Sess02_script06_User003F_025
35.61,2020-0821-1640-14-250,Sess02_script06_User003F_025
35.61,2020-0821-1640-14-500,Sess02_script06_User003F_025
35.61,2020-0821-1640-14-750,Sess02_script06_User003F_025
35.63,2020-0821-1640-15-000,Sess02_script06_User003F_025
35.63,2020-0821-1640-15-250,Sess02_script06_User003F_025
35.63,2020-0821-1640-15-500,Sess02_script06_User003F_025
35.63,2020-0821-1640-15-750,Sess02_script06_User003F_025
35.63,2020-0821-1640-16-000,Sess02_script06_User003F_025
35.63,2020-0821-1640-16-250,Sess02_script06_User003F_025
35.63,2020-0821-1640-16-500,Sess02_script06_User003F_025
35.63,2020-0821-1640-16-750,Sess02_script06_User003F_026
35.65,2020-0821-1640-17-000,Sess02_script06_User003F_026
35.65,2020-0821-1640-17-250,Sess02_script06_User003F_026
35.65,2020-0821-1640-17-500,Sess02_script06_User003F_026
35.65,2020-0821-1640-17-750,Sess02_script06_User003F_026
35.63,2020-0821-1640-18-000,Sess02_script06_User003F_026
35.63,2020-0821-1640-18-250,Sess02_script06_User003F_026
35.63,2020-0821-1640-18-500,Sess02_script06_User003F_026
35.63,2020-0821-1640-18-750,Sess02_script06_User003F_026
35.66,2020-0821-1640-19-000,Sess02_script06_User003F_026
35.66,2020-0821-1640-19-250,Sess02_script06_User003F_026
35.66,2020-0821-1640-19-500,Sess02_script06_User003F_026
35.66,2020-0821-1640-19-750,Sess02_script06_User003F_026
35.63,2020-0821-1640-20-000,Sess02_script06_User003F_026
35.63,2020-0821-1640-20-250,Sess02_script06_User003F_026
35.63,2020-0821-1640-20-500,Sess02_script06_User003F_026
35.63,2020-0821-1640-20-750,Sess02_script06_User003F_026
35.63,2020-0821-1640-21-000,Sess02_script06_User003F_026
35.63,2020-0821-1640-21-250,Sess02_script06_User003F_026
35.63,2020-0821-1640-21-500,Sess02_script06_User003F_026
35.63,2020-0821-1640-21-750,Sess02_script06_User003F_026
35.65,2020-0821-1640-22-000,Sess02_script06_User003F_026
35.65,2020-0821-1640-22-250,Sess02_script06_User003F_026
35.65,2020-0821-1640-22-500,Sess02_script06_User003F_026
35.65,2020-0821-1640-22-750,Sess02_script06_User003F_026
35.65,2020-0821-1640-23-000,Sess02_script06_User003F_026
35.65,2020-0821-1640-23-250,Sess02_script06_User003F_026
35.65,2020-0821-1640-23-500,Sess02_script06_User003F_026
35.65,2020-0821-1640-23-750,Sess02_script06_User003F_026
35.66,2020-0821-1640-24-000,Sess02_script06_User003F_026
35.66,2020-0821-1640-24-250,Sess02_script06_User003F_026
35.66,2020-0821-1640-24-500,Sess02_script06_User003F_026
35.66,2020-0821-1640-24-750,Sess02_script06_User003F_026
35.65,2020-0821-1640-25-000,Sess02_script06_User003F_026
35.65,2020-0821-1640-25-250,Sess02_script06_User003F_026
35.65,2020-0821-1640-25-500,Sess02_script06_User003F_026
35.65,2020-0821-1640-25-750,Sess02_script06_User003F_026
35.65,2020-0821-1640-26-000,Sess02_script06_User003F_026
35.65,2020-0821-1640-26-250,Sess02_script06_User003F_026
35.65,2020-0821-1640-26-500,Sess02_script06_User003F_026
35.65,2020-0821-1640-26-750,Sess02_script06_User003F_026
35.68,2020-0821-1640-27-000,Sess02_script06_User003F_026
35.68,2020-0821-1640-27-250,Sess02_script06_User003F_026
35.68,2020-0821-1640-27-500,Sess02_script06_User003F_026
35.68,2020-0821-1640-27-750,Sess02_script06_User003F_026
35.66,2020-0821-1640-28-000,Sess02_script06_User003F_026
35.66,2020-0821-1640-28-250,Sess02_script06_User003F_026
35.66,2020-0821-1640-28-500,Sess02_script06_User003F_026
35.66,2020-0821-1640-28-750,Sess02_script06_User003F_026
35.66,2020-0821-1640-29-000,Sess02_script06_User003F_026
35.66,2020-0821-1640-29-250,Sess02_script06_User003F_026
35.66,2020-0821-1640-29-500,Sess02_script06_User003F_026
35.66,2020-0821-1640-29-750,Sess02_script06_User003F_026
35.66,2020-0821-1640-30-000,Sess02_script06_User003F_026
35.66,2020-0821-1640-30-250,Sess02_script06_User003F_026
35.66,2020-0821-1640-30-500,Sess02_script06_User003F_026
35.66,2020-0821-1640-30-750,Sess02_script06_User003F_026
35.68,2020-0821-1640-31-000,Sess02_script06_User003F_026
35.68,2020-0821-1640-31-250,Sess02_script06_User003F_026
35.68,2020-0821-1640-31-500,Sess02_script06_User003F_027
35.68,2020-0821-1640-31-750,Sess02_script06_User003F_027
35.66,2020-0821-1640-32-000,Sess02_script06_User003F_027
35.66,2020-0821-1640-32-250,Sess02_script06_User003F_027
35.66,2020-0821-1640-32-500,Sess02_script06_User003F_027
35.66,2020-0821-1640-32-750,Sess02_script06_User003F_027
35.66,2020-0821-1640-33-000,Sess02_script06_User003F_027
35.66,2020-0821-1640-33-250,Sess02_script06_User003F_027
35.66,2020-0821-1640-33-500,Sess02_script06_User003F_027
35.66,2020-0821-1640-33-750,Sess02_script06_User003F_027
35.66,2020-0821-1640-34-000,Sess02_script06_User003F_027
35.66,2020-0821-1640-34-250,Sess02_script06_User003F_027
35.66,2020-0821-1640-34-500,Sess02_script06_User003F_027
35.66,2020-0821-1640-34-750,Sess02_script06_User003F_027
35.66,2020-0821-1640-35-000,Sess02_script06_User003F_027
35.66,2020-0821-1640-35-250,Sess02_script06_User003F_027
35.66,2020-0821-1640-35-500,Sess02_script06_User003F_027
35.66,2020-0821-1640-35-750,Sess02_script06_User003F_027
35.66,2020-0821-1640-36-000,Sess02_script06_User003F_027
35.66,2020-0821-1640-36-250,Sess02_script06_User003F_027
35.66,2020-0821-1640-36-500,Sess02_script06_User003F_027
35.66,2020-0821-1640-36-750,Sess02_script06_User003F_027
35.66,2020-0821-1640-37-000,Sess02_script06_User003F_027
35.66,2020-0821-1640-37-250,Sess02_script06_User003F_027
35.66,2020-0821-1640-37-500,Sess02_script06_User003F_027
35.66,2020-0821-1640-37-750,Sess02_script06_User003F_027
35.68,2020-0821-1640-38-000,Sess02_script06_User003F_027
35.68,2020-0821-1640-38-250,Sess02_script06_User003F_027
35.68,2020-0821-1640-38-500,Sess02_script06_User003F_027
35.68,2020-0821-1640-38-750,Sess02_script06_User003F_027
35.66,2020-0821-1640-39-000,Sess02_script06_User003F_027
35.66,2020-0821-1640-39-250,Sess02_script06_User003F_027
35.66,2020-0821-1640-39-500,Sess02_script06_User003F_027
35.66,2020-0821-1640-39-750,Sess02_script06_User003F_027
35.66,2020-0821-1640-40-000,Sess02_script06_User003F_027
35.66,2020-0821-1640-40-250,Sess02_script06_User003F_027
35.66,2020-0821-1640-40-500,Sess02_script06_User003F_027
35.66,2020-0821-1640-40-750,Sess02_script06_User003F_027
35.66,2020-0821-1640-41-000,Sess02_script06_User003F_027
35.66,2020-0821-1640-41-250,Sess02_script06_User003F_027
35.66,2020-0821-1640-41-500,Sess02_script06_User003F_027
35.66,2020-0821-1640-41-750,Sess02_script06_User003F_027
35.65,2020-0821-1640-42-000,Sess02_script06_User003F_027
35.65,2020-0821-1640-42-250,Sess02_script06_User003F_027
35.65,2020-0821-1640-42-500,Sess02_script06_User003F_027
35.65,2020-0821-1640-42-750,Sess02_script06_User003F_027
35.66,2020-0821-1640-43-000,Sess02_script06_User003F_027
35.66,2020-0821-1640-43-250,Sess02_script06_User003F_027
35.66,2020-0821-1640-43-500,Sess02_script06_User003F_027
35.66,2020-0821-1640-43-750,Sess02_script06_User003F_027
35.65,2020-0821-1640-44-000,Sess02_script06_User003F_027
35.65,2020-0821-1640-44-250,Sess02_script06_User003F_027
35.65,2020-0821-1640-44-500,Sess02_script06_User003F_027
35.65,2020-0821-1640-44-750,Sess02_script06_User003F_027
35.65,2020-0821-1640-45-000,Sess02_script06_User003F_027
35.65,2020-0821-1640-45-250,Sess02_script06_User003F_027
35.65,2020-0821-1640-45-500,Sess02_script06_User003F_028
35.65,2020-0821-1640-45-750,Sess02_script06_User003F_028
35.65,2020-0821-1640-46-000,Sess02_script06_User003F_028
35.65,2020-0821-1640-46-250,Sess02_script06_User003F_028
35.65,2020-0821-1640-46-500,Sess02_script06_User003F_028
35.65,2020-0821-1640-46-750,Sess02_script06_User003F_028
35.66,2020-0821-1640-47-000,Sess02_script06_User003F_028
35.66,2020-0821-1640-47-250,Sess02_script06_User003F_028
35.66,2020-0821-1640-47-500,Sess02_script06_User003F_028
35.66,2020-0821-1640-47-750
35.65,2020-0821-1640-48-000
35.65,2020-0821-1640-48-250
35.65,2020-0821-1640-48-500
35.65,2020-0821-1640-48-750
35.65,2020-0821-1640-49-000
35.65,2020-0821-1640-49-250
35.65,2020-0821-1640-49-500
35.65,2020-0821-1640-49-750
35.66,2020-0821-1640-50-000
35.66,2020-0821-1640-50-250
35.66,2020-0821-1640-50-500
35.66,2020-0821-1640-50-750
35.66,2020-0821-1640-51-000
35.66,2020-0821-1640-51-250
35.66,2020-0821-1640-51-500
35.66,2020-0821-1640-51-750
35.66,2020-0821-1640-52-000
35.66,2020-0821-1640-52-250
35.66,2020-0821-1640-52-500
35.66,2020-0821-1640-52-750
35.65,2020-0821-1640-53-000
35.65,2020-0821-1640-53-250
35.65,2020-0821-1640-53-500
35.65,2020-0821-1640-53-750
35.65,2020-0821-1640-54-000
35.65,2020-0821-1640-54-250
35.65,2020-0821-1640-54-500
35.65,2020-0821-1640-54-750
35.66,2020-0821-1640-55-000
35.66,2020-0821-1640-55-250
35.66,2020-0821-1640-55-500
35.66,2020-0821-1640-55-750
35.63,2020-0821-1640-56-000
35.63,2020-0821-1640-56-250
35.63,2020-0821-1640-56-500
35.63,2020-0821-1640-56-750
35.65,2020-0821-1640-57-000
35.65,2020-0821-1640-57-250
35.65,2020-0821-1640-57-500
35.65,2020-0821-1640-57-750
35.65,2020-0821-1640-58-000
35.65,2020-0821-1640-58-250
35.65,2020-0821-1640-58-500
35.65,2020-0821-1640-58-750
35.65,2020-0821-1640-59-000
35.65,2020-0821-1640-59-250
35.65,2020-0821-1640-59-500
35.65,2020-0821-1640-59-750
35.61,2020-0821-1641-00-000
35.61,2020-0821-1641-00-250
35.61,2020-0821-1641-00-500
35.61,2020-0821-1641-00-750
35.65,2020-0821-1641-01-000
35.65,2020-0821-1641-01-250
35.65,2020-0821-1641-01-500
35.65,2020-0821-1641-01-750
35.63,2020-0821-1641-02-000
35.63,2020-0821-1641-02-250
35.63,2020-0821-1641-02-500
35.63,2020-0821-1641-02-750
35.66,2020-0821-1641-03-000
35.66,2020-0821-1641-03-250
35.66,2020-0821-1641-03-500
35.66,2020-0821-1641-03-750
35.63,2020-0821-1641-04-000
35.63,2020-0821-1641-04-250
35.63,2020-0821-1641-04-500
35.63,2020-0821-1641-04-750
35.63,2020-0821-1641-05-000
35.63,2020-0821-1641-05-250
35.63,2020-0821-1641-05-500
35.63,2020-0821-1641-05-750
35.66,2020-0821-1641-06-000
35.66,2020-0821-1641-06-250
35.66,2020-0821-1641-06-500
35.66,2020-0821-1641-06-750
35.65,2020-0821-1641-07-000
35.65,2020-0821-1641-07-250
35.65,2020-0821-1641-07-500
35.65,2020-0821-1641-07-750
35.65,2020-0821-1641-08-000
35.65,2020-0821-1641-08-250
35.65,2020-0821-1641-08-500
35.65,2020-0821-1641-08-750
35.66,2020-0821-1641-09-000
35.66,2020-0821-1641-09-250
35.66,2020-0821-1641-09-500
35.66,2020-0821-1641-09-750
35.65,2020-0821-1641-10-000
35.65,2020-0821-1641-10-250
35.65,2020-0821-1641-10-500
35.65,2020-0821-1641-10-750
35.66,2020-0821-1641-11-000
35.66,2020-0821-1641-11-250
35.66,2020-0821-1641-11-500
35.66,2020-0821-1641-11-750
35.66,2020-0821-1641-12-000
35.66,2020-0821-1641-12-250
35.66,2020-0821-1641-12-500
35.66,2020-0821-1641-12-750
35.66,2020-0821-1641-13-000
35.66,2020-0821-1641-13-250
35.66,2020-0821-1641-13-500
35.66,2020-0821-1641-13-750
35.65,2020-0821-1641-14-000
35.65,2020-0821-1641-14-250
35.65,2020-0821-1641-14-500
35.65,2020-0821-1641-14-750
35.65,2020-0821-1641-15-000
35.65,2020-0821-1641-15-250
35.65,2020-0821-1641-15-500
35.65,2020-0821-1641-15-750
35.66,2020-0821-1641-16-000
35.66,2020-0821-1641-16-250
35.66,2020-0821-1641-16-500
35.66,2020-0821-1641-16-750
35.66,2020-0821-1641-17-000
35.66,2020-0821-1641-17-250
35.66,2020-0821-1641-17-500
35.66,2020-0821-1641-17-750
35.66,2020-0821-1641-18-000
35.66,2020-0821-1641-18-250
35.66,2020-0821-1641-18-500
35.66,2020-0821-1641-18-750
35.65,2020-0821-1641-19-000
35.65,2020-0821-1641-19-250
35.65,2020-0821-1641-19-500
35.65,2020-0821-1641-19-750
35.63,2020-0821-1641-20-000
35.63,2020-0821-1641-20-250
35.63,2020-0821-1641-20-500
35.63,2020-0821-1641-20-750
35.65,2020-0821-1641-21-000
35.65,2020-0821-1641-21-250
35.65,2020-0821-1641-21-500
35.65,2020-0821-1641-21-750
35.65,2020-0821-1641-22-000
35.65,2020-0821-1641-22-250
35.65,2020-0821-1641-22-500
35.65,2020-0821-1641-22-750
35.65,2020-0821-1641-23-000
35.65,2020-0821-1641-23-250
35.65,2020-0821-1641-23-500
35.65,2020-0821-1641-23-750
35.63,2020-0821-1641-24-000
35.63,2020-0821-1641-24-250
35.63,2020-0821-1641-24-500
35.63,2020-0821-1641-24-750
35.63,2020-0821-1641-25-000
35.63,2020-0821-1641-25-250
35.63,2020-0821-1641-25-500
35.63,2020-0821-1641-25-750
35.63,2020-0821-1641-26-000
35.63,2020-0821-1641-26-250
35.63,2020-0821-1641-26-500
35.63,2020-0821-1641-26-750
35.61,2020-0821-1641-27-000
35.61,2020-0821-1641-27-250
35.61,2020-0821-1641-27-500
35.61,2020-0821-1641-27-750
35.63,2020-0821-1641-28-000
35.63,2020-0821-1641-28-250
35.63,2020-0821-1641-28-500
35.63,2020-0821-1641-28-750
35.65,2020-0821-1641-29-000
35.65,2020-0821-1641-29-250
35.65,2020-0821-1641-29-500
35.65,2020-0821-1641-29-750
35.65,2020-0821-1641-30-000
35.65,2020-0821-1641-30-250
35.65,2020-0821-1641-30-500
35.65,2020-0821-1641-30-750
35.63,2020-0821-1641-31-000
35.63,2020-0821-1641-31-250
35.63,2020-0821-1641-31-500
35.63,2020-0821-1641-31-750
35.65,2020-0821-1641-32-000
35.65,2020-0821-1641-32-250
35.65,2020-0821-1641-32-500
35.65,2020-0821-1641-32-750
35.63,2020-0821-1641-33-000
35.63,2020-0821-1641-33-250
35.63,2020-0821-1641-33-500
35.63,2020-0821-1641-33-750
35.65,2020-0821-1641-34-000
35.65,2020-0821-1641-34-250
35.65,2020-0821-1641-34-500
35.65,2020-0821-1641-34-750
35.63,2020-0821-1641-35-000
35.63,2020-0821-1641-35-250
35.63,2020-0821-1641-35-500
35.63,2020-0821-1641-35-750
35.65,2020-0821-1641-36-000
35.65,2020-0821-1641-36-250
35.65,2020-0821-1641-36-500
35.65,2020-0821-1641-36-750
35.63,2020-0821-1641-37-000
35.63,2020-0821-1641-37-250
35.63,2020-0821-1641-37-500
35.63,2020-0821-1641-37-750
35.65,2020-0821-1641-38-000
35.65,2020-0821-1641-38-250
35.65,2020-0821-1641-38-500
35.65,2020-0821-1641-38-750
35.65,2020-0821-1641-39-000
35.65,2020-0821-1641-39-250
35.65,2020-0821-1641-39-500
35.65,2020-0821-1641-39-750
35.65,2020-0821-1641-40-000
35.65,2020-0821-1641-40-250
35.65,2020-0821-1641-40-500
35.65,2020-0821-1641-40-750
35.65,2020-0821-1641-41-000
35.65,2020-0821-1641-41-250
35.65,2020-0821-1641-41-500
35.65,2020-0821-1641-41-750
35.66,2020-0821-1641-42-000
35.66,2020-0821-1641-42-250
35.66,2020-0821-1641-42-500
35.66,2020-0821-1641-42-750
35.65,2020-0821-1641-43-000
35.65,2020-0821-1641-43-250
35.65,2020-0821-1641-43-500
35.65,2020-0821-1641-43-750
35.63,2020-0821-1641-44-000
35.63,2020-0821-1641-44-250
35.63,2020-0821-1641-44-500
35.63,2020-0821-1641-44-750
35.65,2020-0821-1641-45-000
35.65,2020-0821-1641-45-250
35.65,2020-0821-1641-45-500
35.65,2020-0821-1641-45-750
35.63,2020-0821-1641-46-000
35.63,2020-0821-1641-46-250
35.63,2020-0821-1641-46-500
35.63,2020-0821-1641-46-750
35.65,2020-0821-1641-47-000
35.65,2020-0821-1641-47-250
35.65,2020-0821-1641-47-500
35.65,2020-0821-1641-47-750
35.63,2020-0821-1641-48-000
35.63,2020-0821-1641-48-250
35.63,2020-0821-1641-48-500
35.63,2020-0821-1641-48-750
35.61,2020-0821-1641-49-000
35.61,2020-0821-1641-49-250
35.61,2020-0821-1641-49-500
35.61,2020-0821-1641-49-750
35.63,2020-0821-1641-50-000
35.63,2020-0821-1641-50-250
35.63,2020-0821-1641-50-500
35.63,2020-0821-1641-50-750
35.63,2020-0821-1641-51-000
35.63,2020-0821-1641-51-250
35.63,2020-0821-1641-51-500
35.63,2020-0821-1641-51-750
35.61,2020-0821-1641-52-000
35.61,2020-0821-1641-52-250
35.61,2020-0821-1641-52-500
35.61,2020-0821-1641-52-750
35.63,2020-0821-1641-53-000
35.63,2020-0821-1641-53-250
35.63,2020-0821-1641-53-500
35.63,2020-0821-1641-53-750
35.61,2020-0821-1641-54-000
35.61,2020-0821-1641-54-250
35.61,2020-0821-1641-54-500
35.61,2020-0821-1641-54-750
35.65,2020-0821-1641-55-000
35.65,2020-0821-1641-55-250
35.65,2020-0821-1641-55-500
35.65,2020-0821-1641-55-750
35.65,2020-0821-1641-56-000
35.65,2020-0821-1641-56-250
35.65,2020-0821-1641-56-500
35.65,2020-0821-1641-56-750
35.63,2020-0821-1641-57-000
35.63,2020-0821-1641-57-250
35.63,2020-0821-1641-57-500
35.63,2020-0821-1641-57-750
35.61,2020-0821-1641-58-000
35.61,2020-0821-1641-58-250
35.61,2020-0821-1641-58-500
35.61,2020-0821-1641-58-750
35.63,2020-0821-1641-59-000
35.63,2020-0821-1641-59-250
35.63,2020-0821-1641-59-500
35.63,2020-0821-1641-59-750
35.61,2020-0821-1642-00-000
35.61,2020-0821-1642-00-250
35.61,2020-0821-1642-00-500
35.61,2020-0821-1642-00-750
35.63,2020-0821-1642-01-000
35.63,2020-0821-1642-01-250
35.63,2020-0821-1642-01-500
35.63,2020-0821-1642-01-750
35.63,2020-0821-1642-02-000
35.63,2020-0821-1642-02-250
35.63,2020-0821-1642-02-500
35.63,2020-0821-1642-02-750
35.63,2020-0821-1642-03-000
35.63,2020-0821-1642-03-250
35.63,2020-0821-1642-03-500
35.63,2020-0821-1642-03-750
