1597991675.000000,2020-0821-1534-35-000
4.000000,hz
0.000000,2020-0821-1534-35-000
0.490779,2020-0821-1534-35-250
0.551006,2020-0821-1534-35-500
0.563820,2020-0821-1534-35-750
0.571508,2020-0821-1534-36-000
0.562538,2020-0821-1534-36-250
0.562538,2020-0821-1534-36-500
0.563820,2020-0821-1534-36-750
0.565101,2020-0821-1534-37-000
0.567664,2020-0821-1534-37-250
0.580478,2020-0821-1534-37-500
0.598418,2020-0821-1534-37-750
0.612513,2020-0821-1534-38-000
0.627890,2020-0821-1534-38-250
0.631734,2020-0821-1534-38-500
0.633016,2020-0821-1534-38-750
0.631734,2020-0821-1534-39-000
0.627890,2020-0821-1534-39-250
0.622764,2020-0821-1534-39-500
0.624046,2020-0821-1534-39-750
0.621483,2020-0821-1534-40-000
0.618920,2020-0821-1534-40-250
0.621483,2020-0821-1534-40-500
0.620202,2020-0821-1534-40-750
0.616357,2020-0821-1534-41-000
0.617639,2020-0821-1534-41-250
0.616357,2020-0821-1534-41-500
0.615076,2020-0821-1534-41-750
0.612513,2020-0821-1534-42-000
0.612513,2020-0821-1534-42-250
0.611232,2020-0821-1534-42-500
0.613795,2020-0821-1534-42-750
0.611232,2020-0821-1534-43-000
0.607388,2020-0821-1534-43-250
0.607388,2020-0821-1534-43-500
0.607388,2020-0821-1534-43-750
0.603543,2020-0821-1534-44-000
0.604825,2020-0821-1534-44-250
0.604825,2020-0821-1534-44-500
0.602262,2020-0821-1534-44-750
0.602262,2020-0821-1534-45-000
0.602262,2020-0821-1534-45-250
0.600980,2020-0821-1534-45-500
0.598418,2020-0821-1534-45-750
0.600980,2020-0821-1534-46-000
0.599699,2020-0821-1534-46-250
0.597136,2020-0821-1534-46-500
0.598418,2020-0821-1534-46-750
0.598418,2020-0821-1534-47-000
0.594573,2020-0821-1534-47-250
0.594573,2020-0821-1534-47-500
0.595855,2020-0821-1534-47-750
0.594573,2020-0821-1534-48-000
0.594573,2020-0821-1534-48-250
0.593292,2020-0821-1534-48-500
0.590729,2020-0821-1534-48-750
0.592011,2020-0821-1534-49-000
0.592011,2020-0821-1534-49-250
0.589448,2020-0821-1534-49-500
0.590729,2020-0821-1534-49-750
0.589448,2020-0821-1534-50-000
0.586885,2020-0821-1534-50-250
0.588166,2020-0821-1534-50-500
0.588166,2020-0821-1534-50-750
0.586885,2020-0821-1534-51-000
0.584322,2020-0821-1534-51-250
0.585604,2020-0821-1534-51-500
0.585604,2020-0821-1534-51-750
0.583041,2020-0821-1534-52-000
0.585604,2020-0821-1534-52-250
0.584322,2020-0821-1534-52-500
0.581759,2020-0821-1534-52-750
0.583041,2020-0821-1534-53-000
0.583041,2020-0821-1534-53-250
0.580478,2020-0821-1534-53-500
0.583041,2020-0821-1534-53-750
0.584322,2020-0821-1534-54-000
0.581759,2020-0821-1534-54-250
0.584322,2020-0821-1534-54-500
0.584322,2020-0821-1534-54-750
0.583041,2020-0821-1534-55-000
0.579197,2020-0821-1534-55-250
0.577915,2020-0821-1534-55-500
0.577915,2020-0821-1534-55-750
0.581759,2020-0821-1534-56-000
0.592011,2020-0821-1534-56-250
0.598418,2020-0821-1534-56-500
0.602262,2020-0821-1534-56-750
0.598418,2020-0821-1534-57-000
0.600980,2020-0821-1534-57-250
0.615076,2020-0821-1534-57-500
0.620202,2020-0821-1534-57-750
0.617639,2020-0821-1534-58-000
0.609950,2020-0821-1534-58-250
0.611232,2020-0821-1534-58-500
0.612513,2020-0821-1534-58-750
0.608669,2020-0821-1534-59-000
0.612513,2020-0821-1534-59-250
0.612513,2020-0821-1534-59-500
0.608669,2020-0821-1534-59-750
0.609950,2020-0821-1535-00-000
0.609950,2020-0821-1535-00-250
0.608669,2020-0821-1535-00-500
0.606106,2020-0821-1535-00-750
0.608669,2020-0821-1535-01-000
0.606106,2020-0821-1535-01-250
0.606106,2020-0821-1535-01-500
0.613795,2020-0821-1535-01-750
0.618920,2020-0821-1535-02-000
0.624046,2020-0821-1535-02-250
0.634297,2020-0821-1535-02-500
0.638141,2020-0821-1535-02-750
0.638141,2020-0821-1535-03-000
0.640704,2020-0821-1535-03-250
0.640704,2020-0821-1535-03-500
0.636860,2020-0821-1535-03-750
0.636860,2020-0821-1535-04-000
0.636860,2020-0821-1535-04-250
0.634297,2020-0821-1535-04-500
0.633016,2020-0821-1535-04-750
0.631734,2020-0821-1535-05-000
0.630453,2020-0821-1535-05-250
0.626609,2020-0821-1535-05-500
0.626609,2020-0821-1535-05-750
0.627890,2020-0821-1535-06-000
0.627890,2020-0821-1535-06-250
0.634297,2020-0821-1535-06-500
0.635579,2020-0821-1535-06-750
0.633016,2020-0821-1535-07-000
0.635579,2020-0821-1535-07-250
0.634297,2020-0821-1535-07-500
0.630453,2020-0821-1535-07-750
0.631734,2020-0821-1535-08-000
0.631734,2020-0821-1535-08-250
0.630453,2020-0821-1535-08-500
0.630453,2020-0821-1535-08-750
0.631734,2020-0821-1535-09-000
0.629171,2020-0821-1535-09-250
0.631734,2020-0821-1535-09-500
0.634297,2020-0821-1535-09-750
0.634297,2020-0821-1535-10-000
0.633016,2020-0821-1535-10-250
0.635579,2020-0821-1535-10-500
0.634297,2020-0821-1535-10-750
0.630453,2020-0821-1535-11-000
0.631734,2020-0821-1535-11-250
0.630453,2020-0821-1535-11-500
0.630453,2020-0821-1535-11-750
0.631734,2020-0821-1535-12-000
0.630453,2020-0821-1535-12-250
0.625327,2020-0821-1535-12-500
0.625327,2020-0821-1535-12-750
0.626609,2020-0821-1535-13-000
0.624046,2020-0821-1535-13-250
0.625327,2020-0821-1535-13-500
0.626609,2020-0821-1535-13-750
0.624046,2020-0821-1535-14-000
0.633016,2020-0821-1535-14-250
0.626609,2020-0821-1535-14-500
0.625327,2020-0821-1535-14-750
0.620202,2020-0821-1535-15-000
0.620202,2020-0821-1535-15-250
0.620202,2020-0821-1535-15-500
0.622764,2020-0821-1535-15-750
0.638141,2020-0821-1535-16-000
0.648393,2020-0821-1535-16-250
0.656081,2020-0821-1535-16-500
0.658644,2020-0821-1535-16-750
0.658644,2020-0821-1535-17-000
0.653518,2020-0821-1535-17-250
0.653518,2020-0821-1535-17-500
0.650955,2020-0821-1535-17-750
0.647111,2020-0821-1535-18-000
0.647111,2020-0821-1535-18-250
0.645830,2020-0821-1535-18-500
0.641986,2020-0821-1535-18-750
0.643267,2020-0821-1535-19-000
0.641986,2020-0821-1535-19-250
0.639423,2020-0821-1535-19-500
0.639423,2020-0821-1535-19-750
0.638141,2020-0821-1535-20-000
0.635579,2020-0821-1535-20-250
0.639423,2020-0821-1535-20-500
0.636860,2020-0821-1535-20-750
0.635579,2020-0821-1535-21-000
0.633016,2020-0821-1535-21-250
0.634297,2020-0821-1535-21-500
0.634297,2020-0821-1535-21-750
0.631734,2020-0821-1535-22-000
0.634297,2020-0821-1535-22-250
0.634297,2020-0821-1535-22-500
0.631734,2020-0821-1535-22-750
0.633016,2020-0821-1535-23-000
0.633016,2020-0821-1535-23-250
0.630453,2020-0821-1535-23-500
0.631734,2020-0821-1535-23-750
0.631734,2020-0821-1535-24-000
0.627890,2020-0821-1535-24-250
0.630453,2020-0821-1535-24-500
0.629171,2020-0821-1535-24-750
0.625327,2020-0821-1535-25-000
0.627890,2020-0821-1535-25-250
0.629171,2020-0821-1535-25-500
0.629171,2020-0821-1535-25-750
0.627890,2020-0821-1535-26-000
0.629171,2020-0821-1535-26-250
0.625327,2020-0821-1535-26-500
0.626609,2020-0821-1535-26-750
0.626609,2020-0821-1535-27-000
0.622764,2020-0821-1535-27-250
0.625327,2020-0821-1535-27-500
0.625327,2020-0821-1535-27-750
0.625327,2020-0821-1535-28-000
0.624046,2020-0821-1535-28-250
0.625327,2020-0821-1535-28-500
0.625327,2020-0821-1535-28-750
0.624046,2020-0821-1535-29-000
0.627890,2020-0821-1535-29-250
0.627890,2020-0821-1535-29-500
0.625327,2020-0821-1535-29-750,Sess02_script04_User003F_001
0.626609,2020-0821-1535-30-000,Sess02_script04_User003F_001
0.626609,2020-0821-1535-30-250,Sess02_script04_User003F_001
0.638141,2020-0821-1535-30-500,Sess02_script04_User003F_001
0.665051,2020-0821-1535-30-750,Sess02_script04_User003F_001
0.686835,2020-0821-1535-31-000,Sess02_script04_User003F_001
1.057429,2020-0821-1535-31-250,Sess02_script04_User003F_001
0.652573,2020-0821-1535-31-500,Sess02_script04_User003F_001
0.505211,2020-0821-1535-31-750,Sess02_script04_User003F_001
0.498804,2020-0821-1535-32-000,Sess02_script04_User003F_001
0.491115,2020-0821-1535-32-250,Sess02_script04_User003F_001
0.484708,2020-0821-1535-32-500,Sess02_script04_User003F_001
0.471894,2020-0821-1535-32-750,Sess02_script04_User003F_001
0.469331,2020-0821-1535-33-000,Sess02_script04_User003F_001
0.462924,2020-0821-1535-33-250,Sess02_script04_User003F_001
0.537177,2020-0821-1535-33-500,Sess02_script04_User003F_001
0.538458,2020-0821-1535-33-750,Sess02_script04_User003F_001
0.535896,2020-0821-1535-34-000,Sess02_script04_User003F_001
0.534614,2020-0821-1535-34-250,Sess02_script04_User003F_001
0.534614,2020-0821-1535-34-500,Sess02_script04_User003F_001
0.538458,2020-0821-1535-34-750,Sess02_script04_User003F_001
0.532051,2020-0821-1535-35-000,Sess02_script04_User003F_001
0.528207,2020-0821-1535-35-250,Sess02_script04_User003F_001
0.533333,2020-0821-1535-35-500,Sess02_script04_User003F_001
0.532051,2020-0821-1535-35-750,Sess02_script04_User003F_001
0.528207,2020-0821-1535-36-000,Sess02_script04_User003F_001
0.530770,2020-0821-1535-36-250,Sess02_script04_User003F_001
0.530770,2020-0821-1535-36-500,Sess02_script04_User003F_001
0.523081,2020-0821-1535-36-750,Sess02_script04_User003F_001
0.523081,2020-0821-1535-37-000,Sess02_script04_User003F_001
0.524363,2020-0821-1535-37-250,Sess02_script04_User003F_002
0.519237,2020-0821-1535-37-500,Sess02_script04_User003F_002
0.524363,2020-0821-1535-37-750,Sess02_script04_User003F_002
0.521800,2020-0821-1535-38-000,Sess02_script04_User003F_002
0.519237,2020-0821-1535-38-250,Sess02_script04_User003F_002
0.516674,2020-0821-1535-38-500,Sess02_script04_User003F_002
0.519237,2020-0821-1535-38-750,Sess02_script04_User003F_002
0.539740,2020-0821-1535-39-000,Sess02_script04_User003F_002
0.514112,2020-0821-1535-39-250,Sess02_script04_User003F_002
0.516674,2020-0821-1535-39-500,Sess02_script04_User003F_002
0.511549,2020-0821-1535-39-750,Sess02_script04_User003F_002
0.512830,2020-0821-1535-40-000,Sess02_script04_User003F_002
0.516674,2020-0821-1535-40-250,Sess02_script04_User003F_002
0.516674,2020-0821-1535-40-500,Sess02_script04_User003F_002
0.508986,2020-0821-1535-40-750,Sess02_script04_User003F_002
0.511549,2020-0821-1535-41-000,Sess02_script04_User003F_002
0.512830,2020-0821-1535-41-250,Sess02_script04_User003F_002
0.508986,2020-0821-1535-41-500,Sess02_script04_User003F_002
0.507705,2020-0821-1535-41-750,Sess02_script04_User003F_003
0.511549,2020-0821-1535-42-000,Sess02_script04_User003F_003
0.507705,2020-0821-1535-42-250,Sess02_script04_User003F_003
0.507705,2020-0821-1535-42-500,Sess02_script04_User003F_003
0.510267,2020-0821-1535-42-750,Sess02_script04_User003F_003
0.508986,2020-0821-1535-43-000,Sess02_script04_User003F_003
0.505142,2020-0821-1535-43-250,Sess02_script04_User003F_003
0.507705,2020-0821-1535-43-500,Sess02_script04_User003F_003
0.508986,2020-0821-1535-43-750,Sess02_script04_User003F_003
0.503860,2020-0821-1535-44-000,Sess02_script04_User003F_003
0.506423,2020-0821-1535-44-250,Sess02_script04_User003F_003
0.506423,2020-0821-1535-44-500,Sess02_script04_User003F_003
0.502579,2020-0821-1535-44-750,Sess02_script04_User003F_004
0.503860,2020-0821-1535-45-000,Sess02_script04_User003F_004
0.503860,2020-0821-1535-45-250,Sess02_script04_User003F_004
0.502579,2020-0821-1535-45-500,Sess02_script04_User003F_004
0.498735,2020-0821-1535-45-750,Sess02_script04_User003F_004
0.502579,2020-0821-1535-46-000,Sess02_script04_User003F_004
0.500016,2020-0821-1535-46-250,Sess02_script04_User003F_004
0.500016,2020-0821-1535-46-500,Sess02_script04_User003F_004
0.498735,2020-0821-1535-46-750,Sess02_script04_User003F_004
0.501298,2020-0821-1535-47-000,Sess02_script04_User003F_004
0.494891,2020-0821-1535-47-250,Sess02_script04_User003F_005
0.500016,2020-0821-1535-47-500,Sess02_script04_User003F_005
0.498735,2020-0821-1535-47-750,Sess02_script04_User003F_005
0.493609,2020-0821-1535-48-000,Sess02_script04_User003F_005
0.494891,2020-0821-1535-48-250,Sess02_script04_User003F_005
0.497453,2020-0821-1535-48-500,Sess02_script04_User003F_005
0.493609,2020-0821-1535-48-750,Sess02_script04_User003F_005
0.494891,2020-0821-1535-49-000,Sess02_script04_User003F_005
0.493609,2020-0821-1535-49-250,Sess02_script04_User003F_005
0.489765,2020-0821-1535-49-500,Sess02_script04_User003F_005
0.488483,2020-0821-1535-49-750,Sess02_script04_User003F_005
0.493609,2020-0821-1535-50-000,Sess02_script04_User003F_005
0.491046,2020-0821-1535-50-250,Sess02_script04_User003F_005
0.489765,2020-0821-1535-50-500,Sess02_script04_User003F_005
0.487202,2020-0821-1535-50-750,Sess02_script04_User003F_005
0.487202,2020-0821-1535-51-000,Sess02_script04_User003F_005
0.485921,2020-0821-1535-51-250,Sess02_script04_User003F_005
0.491046,2020-0821-1535-51-500,Sess02_script04_User003F_005
0.489765,2020-0821-1535-51-750,Sess02_script04_User003F_005
0.485921,2020-0821-1535-52-000,Sess02_script04_User003F_005
0.488483,2020-0821-1535-52-250,Sess02_script04_User003F_005
0.488483,2020-0821-1535-52-500,Sess02_script04_User003F_005
0.482076,2020-0821-1535-52-750,Sess02_script04_User003F_005
0.488483,2020-0821-1535-53-000,Sess02_script04_User003F_005
0.487202,2020-0821-1535-53-250,Sess02_script04_User003F_005
0.483358,2020-0821-1535-53-500,Sess02_script04_User003F_005
0.485921,2020-0821-1535-53-750,Sess02_script04_User003F_005
0.487202,2020-0821-1535-54-000,Sess02_script04_User003F_005
0.489765,2020-0821-1535-54-250,Sess02_script04_User003F_005
0.480795,2020-0821-1535-54-500,Sess02_script04_User003F_005
0.485921,2020-0821-1535-54-750,Sess02_script04_User003F_005
0.484639,2020-0821-1535-55-000,Sess02_script04_User003F_005
0.480795,2020-0821-1535-55-250,Sess02_script04_User003F_005
0.482076,2020-0821-1535-55-500,Sess02_script04_User003F_005
0.485921,2020-0821-1535-55-750,Sess02_script04_User003F_005
0.480795,2020-0821-1535-56-000,Sess02_script04_User003F_005
0.476951,2020-0821-1535-56-250
0.480795,2020-0821-1535-56-500
0.483358,2020-0821-1535-56-750
0.479514,2020-0821-1535-57-000
0.480795,2020-0821-1535-57-250
0.475669,2020-0821-1535-57-500
0.470544,2020-0821-1535-57-750
0.471825,2020-0821-1535-58-000
0.471825,2020-0821-1535-58-250
0.466700,2020-0821-1535-58-500
0.471825,2020-0821-1535-58-750
0.467981,2020-0821-1535-59-000
0.464137,2020-0821-1535-59-250
0.466700,2020-0821-1535-59-500
0.470544,2020-0821-1535-59-750
0.469262,2020-0821-1536-00-000
0.466700,2020-0821-1536-00-250
0.467981,2020-0821-1536-00-500
0.467981,2020-0821-1536-00-750
0.464137,2020-0821-1536-01-000
0.467981,2020-0821-1536-01-250
0.471825,2020-0821-1536-01-500
0.460292,2020-0821-1536-01-750
0.464137,2020-0821-1536-02-000
0.471825,2020-0821-1536-02-250
0.467981,2020-0821-1536-02-500
0.467981,2020-0821-1536-02-750
0.469262,2020-0821-1536-03-000
0.464137,2020-0821-1536-03-250
0.469262,2020-0821-1536-03-500
0.470544,2020-0821-1536-03-750
0.465418,2020-0821-1536-04-000
0.464137,2020-0821-1536-04-250
0.467981,2020-0821-1536-04-500
0.464137,2020-0821-1536-04-750
0.465418,2020-0821-1536-05-000
0.466700,2020-0821-1536-05-250
0.465418,2020-0821-1536-05-500
0.462855,2020-0821-1536-05-750
0.466700,2020-0821-1536-06-000
0.466700,2020-0821-1536-06-250
0.465418,2020-0821-1536-06-500
0.461574,2020-0821-1536-06-750
0.466700,2020-0821-1536-07-000
0.461574,2020-0821-1536-07-250
0.462855,2020-0821-1536-07-500
0.469262,2020-0821-1536-07-750
0.467981,2020-0821-1536-08-000
0.465418,2020-0821-1536-08-250
0.467981,2020-0821-1536-08-500
0.478232,2020-0821-1536-08-750
0.494891,2020-0821-1536-09-000
0.520519,2020-0821-1536-09-250
0.561524,2020-0821-1536-09-500
0.580745,2020-0821-1536-09-750
0.602529,2020-0821-1536-10-000
0.616624,2020-0821-1536-10-250
0.599966,2020-0821-1536-10-500
0.587152,2020-0821-1536-10-750
0.583308,2020-0821-1536-11-000
0.575619,2020-0821-1536-11-250
0.566649,2020-0821-1536-11-500
0.556398,2020-0821-1536-11-750
0.576901,2020-0821-1536-12-000
0.547428,2020-0821-1536-12-250
0.543584,2020-0821-1536-12-500
0.542303,2020-0821-1536-12-750
0.535896,2020-0821-1536-13-000
0.533333,2020-0821-1536-13-250
0.534614,2020-0821-1536-13-500
0.529489,2020-0821-1536-13-750
0.526926,2020-0821-1536-14-000
0.521800,2020-0821-1536-14-250
0.523081,2020-0821-1536-14-500
0.520519,2020-0821-1536-14-750
0.519237,2020-0821-1536-15-000
0.517956,2020-0821-1536-15-250
0.510267,2020-0821-1536-15-500
0.512830,2020-0821-1536-15-750
0.517956,2020-0821-1536-16-000
0.515393,2020-0821-1536-16-250
0.515393,2020-0821-1536-16-500
0.515393,2020-0821-1536-16-750
0.510267,2020-0821-1536-17-000
0.507705,2020-0821-1536-17-250
0.512830,2020-0821-1536-17-500
0.510267,2020-0821-1536-17-750
0.507705,2020-0821-1536-18-000
0.508986,2020-0821-1536-18-250
0.507705,2020-0821-1536-18-500
0.501298,2020-0821-1536-18-750
0.506423,2020-0821-1536-19-000
0.503860,2020-0821-1536-19-250
0.500016,2020-0821-1536-19-500
0.505142,2020-0821-1536-19-750
0.506423,2020-0821-1536-20-000
0.502579,2020-0821-1536-20-250
0.508986,2020-0821-1536-20-500
0.508986,2020-0821-1536-20-750
0.505142,2020-0821-1536-21-000
0.505142,2020-0821-1536-21-250
0.510267,2020-0821-1536-21-500
0.505142,2020-0821-1536-21-750
0.507705,2020-0821-1536-22-000
0.505142,2020-0821-1536-22-250
0.506423,2020-0821-1536-22-500
0.500016,2020-0821-1536-22-750
0.505142,2020-0821-1536-23-000
0.503860,2020-0821-1536-23-250
0.496172,2020-0821-1536-23-500
0.496172,2020-0821-1536-23-750
0.500016,2020-0821-1536-24-000
0.493609,2020-0821-1536-24-250
0.497453,2020-0821-1536-24-500
0.496172,2020-0821-1536-24-750
0.494891,2020-0821-1536-25-000
0.492328,2020-0821-1536-25-250
0.496172,2020-0821-1536-25-500
0.492328,2020-0821-1536-25-750
0.493609,2020-0821-1536-26-000
0.492328,2020-0821-1536-26-250
0.492328,2020-0821-1536-26-500
0.489765,2020-0821-1536-26-750
0.492328,2020-0821-1536-27-000
0.491046,2020-0821-1536-27-250
0.485921,2020-0821-1536-27-500
0.489765,2020-0821-1536-27-750
0.489765,2020-0821-1536-28-000
0.483358,2020-0821-1536-28-250
0.487202,2020-0821-1536-28-500
0.487202,2020-0821-1536-28-750
0.484639,2020-0821-1536-29-000
0.478232,2020-0821-1536-29-250
0.482076,2020-0821-1536-29-500
0.479514,2020-0821-1536-29-750
0.482076,2020-0821-1536-30-000
0.482076,2020-0821-1536-30-250
0.480795,2020-0821-1536-30-500
0.476951,2020-0821-1536-30-750
0.479514,2020-0821-1536-31-000
0.478232,2020-0821-1536-31-250
0.478232,2020-0821-1536-31-500
0.480795,2020-0821-1536-31-750
0.475669,2020-0821-1536-32-000
0.479514,2020-0821-1536-32-250
0.482076,2020-0821-1536-32-500
0.478232,2020-0821-1536-32-750
0.474388,2020-0821-1536-33-000
0.479514,2020-0821-1536-33-250
0.476951,2020-0821-1536-33-500
0.474388,2020-0821-1536-33-750
0.476951,2020-0821-1536-34-000
0.475669,2020-0821-1536-34-250
0.471825,2020-0821-1536-34-500
0.474388,2020-0821-1536-34-750
0.478232,2020-0821-1536-35-000
0.471825,2020-0821-1536-35-250
0.476951,2020-0821-1536-35-500
0.478232,2020-0821-1536-35-750
0.470544,2020-0821-1536-36-000
0.475669,2020-0821-1536-36-250
0.476951,2020-0821-1536-36-500
0.470544,2020-0821-1536-36-750
0.474388,2020-0821-1536-37-000
0.475669,2020-0821-1536-37-250
0.465418,2020-0821-1536-37-500
0.471825,2020-0821-1536-37-750
0.473107,2020-0821-1536-38-000
0.466700,2020-0821-1536-38-250
0.473107,2020-0821-1536-38-500
0.470544,2020-0821-1536-38-750
0.466700,2020-0821-1536-39-000
0.464137,2020-0821-1536-39-250
0.470544,2020-0821-1536-39-500
0.467981,2020-0821-1536-39-750
0.466700,2020-0821-1536-40-000
0.464137,2020-0821-1536-40-250
0.465418,2020-0821-1536-40-500
0.462855,2020-0821-1536-40-750
0.466700,2020-0821-1536-41-000
0.466700,2020-0821-1536-41-250
0.465418,2020-0821-1536-41-500
0.466700,2020-0821-1536-41-750
0.467981,2020-0821-1536-42-000
0.462855,2020-0821-1536-42-250
0.464137,2020-0821-1536-42-500
0.462855,2020-0821-1536-42-750
0.456448,2020-0821-1536-43-000
0.460292,2020-0821-1536-43-250
0.462855,2020-0821-1536-43-500,Sess02_script04_User003F_006
0.460292,2020-0821-1536-43-750,Sess02_script04_User003F_006
0.461574,2020-0821-1536-44-000,Sess02_script04_User003F_006
0.461574,2020-0821-1536-44-250,Sess02_script04_User003F_006
0.456448,2020-0821-1536-44-500,Sess02_script04_User003F_006
0.461574,2020-0821-1536-44-750,Sess02_script04_User003F_006
0.488483,2020-0821-1536-45-000,Sess02_script04_User003F_006
0.461574,2020-0821-1536-45-250,Sess02_script04_User003F_006
0.466700,2020-0821-1536-45-500,Sess02_script04_User003F_006
0.460292,2020-0821-1536-45-750,Sess02_script04_User003F_006
0.465418,2020-0821-1536-46-000,Sess02_script04_User003F_006
0.474388,2020-0821-1536-46-250,Sess02_script04_User003F_006
0.485921,2020-0821-1536-46-500,Sess02_script04_User003F_006
0.498735,2020-0821-1536-46-750,Sess02_script04_User003F_006
0.514112,2020-0821-1536-47-000,Sess02_script04_User003F_006
0.519237,2020-0821-1536-47-250,Sess02_script04_User003F_007
0.517956,2020-0821-1536-47-500,Sess02_script04_User003F_007
0.515393,2020-0821-1536-47-750,Sess02_script04_User003F_007
0.511549,2020-0821-1536-48-000,Sess02_script04_User003F_007
0.505142,2020-0821-1536-48-250,Sess02_script04_User003F_007
0.510267,2020-0821-1536-48-500,Sess02_script04_User003F_007
0.501298,2020-0821-1536-48-750,Sess02_script04_User003F_007
0.494891,2020-0821-1536-49-000,Sess02_script04_User003F_007
0.496172,2020-0821-1536-49-250,Sess02_script04_User003F_007
0.496172,2020-0821-1536-49-500,Sess02_script04_User003F_008
0.489765,2020-0821-1536-49-750,Sess02_script04_User003F_008
0.492328,2020-0821-1536-50-000,Sess02_script04_User003F_008
0.491046,2020-0821-1536-50-250,Sess02_script04_User003F_008
0.488483,2020-0821-1536-50-500,Sess02_script04_User003F_008
0.491046,2020-0821-1536-50-750,Sess02_script04_User003F_008
0.498735,2020-0821-1536-51-000,Sess02_script04_User003F_008
0.498735,2020-0821-1536-51-250,Sess02_script04_User003F_008
0.500016,2020-0821-1536-51-500,Sess02_script04_User003F_008
0.506423,2020-0821-1536-51-750,Sess02_script04_User003F_008
0.500016,2020-0821-1536-52-000,Sess02_script04_User003F_008
0.494891,2020-0821-1536-52-250,Sess02_script04_User003F_008
0.496172,2020-0821-1536-52-500,Sess02_script04_User003F_008
0.492328,2020-0821-1536-52-750,Sess02_script04_User003F_008
0.491046,2020-0821-1536-53-000,Sess02_script04_User003F_008
0.489765,2020-0821-1536-53-250,Sess02_script04_User003F_008
0.488483,2020-0821-1536-53-500,Sess02_script04_User003F_008
0.485921,2020-0821-1536-53-750,Sess02_script04_User003F_008
0.485921,2020-0821-1536-54-000,Sess02_script04_User003F_008
0.485921,2020-0821-1536-54-250,Sess02_script04_User003F_008
0.480795,2020-0821-1536-54-500,Sess02_script04_User003F_008
0.482076,2020-0821-1536-54-750,Sess02_script04_User003F_008
0.484639,2020-0821-1536-55-000,Sess02_script04_User003F_008
0.478232,2020-0821-1536-55-250,Sess02_script04_User003F_008
0.483358,2020-0821-1536-55-500,Sess02_script04_User003F_008
0.483358,2020-0821-1536-55-750,Sess02_script04_User003F_008
0.482076,2020-0821-1536-56-000,Sess02_script04_User003F_008
0.485921,2020-0821-1536-56-250,Sess02_script04_User003F_008
0.489765,2020-0821-1536-56-500,Sess02_script04_User003F_008
0.485921,2020-0821-1536-56-750,Sess02_script04_User003F_008
0.485921,2020-0821-1536-57-000,Sess02_script04_User003F_008
0.491046,2020-0821-1536-57-250,Sess02_script04_User003F_008
0.484639,2020-0821-1536-57-500,Sess02_script04_User003F_008
0.484639,2020-0821-1536-57-750,Sess02_script04_User003F_008
0.483358,2020-0821-1536-58-000,Sess02_script04_User003F_008
0.480795,2020-0821-1536-58-250,Sess02_script04_User003F_008
0.482076,2020-0821-1536-58-500,Sess02_script04_User003F_008
0.482076,2020-0821-1536-58-750,Sess02_script04_User003F_008
0.478232,2020-0821-1536-59-000,Sess02_script04_User003F_008
0.480795,2020-0821-1536-59-250,Sess02_script04_User003F_008
0.476951,2020-0821-1536-59-500,Sess02_script04_User003F_008
0.478232,2020-0821-1536-59-750,Sess02_script04_User003F_008
0.489765,2020-0821-1537-00-000,Sess02_script04_User003F_008
0.493609,2020-0821-1537-00-250,Sess02_script04_User003F_009
0.491046,2020-0821-1537-00-500,Sess02_script04_User003F_009
0.498735,2020-0821-1537-00-750,Sess02_script04_User003F_009
0.496172,2020-0821-1537-01-000,Sess02_script04_User003F_009
0.489765,2020-0821-1537-01-250,Sess02_script04_User003F_009
0.493609,2020-0821-1537-01-500,Sess02_script04_User003F_009
0.489765,2020-0821-1537-01-750,Sess02_script04_User003F_009
0.485921,2020-0821-1537-02-000,Sess02_script04_User003F_009
0.482076,2020-0821-1537-02-250,Sess02_script04_User003F_009
0.483358,2020-0821-1537-02-500,Sess02_script04_User003F_009
0.478232,2020-0821-1537-02-750,Sess02_script04_User003F_009
0.482076,2020-0821-1537-03-000,Sess02_script04_User003F_009
0.480795,2020-0821-1537-03-250,Sess02_script04_User003F_009
0.476951,2020-0821-1537-03-500,Sess02_script04_User003F_009
0.480795,2020-0821-1537-03-750,Sess02_script04_User003F_009
0.475669,2020-0821-1537-04-000,Sess02_script04_User003F_009
0.476951,2020-0821-1537-04-250,Sess02_script04_User003F_009
0.476951,2020-0821-1537-04-500,Sess02_script04_User003F_009
0.474388,2020-0821-1537-04-750,Sess02_script04_User003F_009
0.474388,2020-0821-1537-05-000,Sess02_script04_User003F_009
0.478232,2020-0821-1537-05-250,Sess02_script04_User003F_009
0.476951,2020-0821-1537-05-500,Sess02_script04_User003F_009
0.483358,2020-0821-1537-05-750,Sess02_script04_User003F_009
0.493609,2020-0821-1537-06-000,Sess02_script04_User003F_009
0.496172,2020-0821-1537-06-250,Sess02_script04_User003F_009
0.506423,2020-0821-1537-06-500,Sess02_script04_User003F_009
0.506423,2020-0821-1537-06-750,Sess02_script04_User003F_009
0.502579,2020-0821-1537-07-000,Sess02_script04_User003F_009
0.502579,2020-0821-1537-07-250,Sess02_script04_User003F_009
0.496172,2020-0821-1537-07-500,Sess02_script04_User003F_009
0.489765,2020-0821-1537-07-750,Sess02_script04_User003F_009
0.496172,2020-0821-1537-08-000,Sess02_script04_User003F_009
0.485921,2020-0821-1537-08-250,Sess02_script04_User003F_009
0.485921,2020-0821-1537-08-500,Sess02_script04_User003F_009
0.489765,2020-0821-1537-08-750,Sess02_script04_User003F_009
0.484639,2020-0821-1537-09-000,Sess02_script04_User003F_009
0.482076,2020-0821-1537-09-250,Sess02_script04_User003F_009
0.482076,2020-0821-1537-09-500,Sess02_script04_User003F_009
0.478232,2020-0821-1537-09-750,Sess02_script04_User003F_009
0.482076,2020-0821-1537-10-000,Sess02_script04_User003F_009
0.482076,2020-0821-1537-10-250,Sess02_script04_User003F_009
0.476951,2020-0821-1537-10-500,Sess02_script04_User003F_010
0.480795,2020-0821-1537-10-750,Sess02_script04_User003F_010
0.479514,2020-0821-1537-11-000,Sess02_script04_User003F_010
0.475669,2020-0821-1537-11-250,Sess02_script04_User003F_010
0.476951,2020-0821-1537-11-500,Sess02_script04_User003F_010
0.480795,2020-0821-1537-11-750,Sess02_script04_User003F_010
0.476951,2020-0821-1537-12-000,Sess02_script04_User003F_010
0.482076,2020-0821-1537-12-250,Sess02_script04_User003F_010
0.480795,2020-0821-1537-12-500,Sess02_script04_User003F_010
0.480795,2020-0821-1537-12-750,Sess02_script04_User003F_010
0.484639,2020-0821-1537-13-000,Sess02_script04_User003F_010
0.475669,2020-0821-1537-13-250,Sess02_script04_User003F_010
0.476951,2020-0821-1537-13-500,Sess02_script04_User003F_010
0.478232,2020-0821-1537-13-750,Sess02_script04_User003F_010
0.474388,2020-0821-1537-14-000,Sess02_script04_User003F_010
0.475669,2020-0821-1537-14-250,Sess02_script04_User003F_010
0.476951,2020-0821-1537-14-500,Sess02_script04_User003F_010
0.470544,2020-0821-1537-14-750,Sess02_script04_User003F_010
0.473107,2020-0821-1537-15-000,Sess02_script04_User003F_010
0.475669,2020-0821-1537-15-250,Sess02_script04_User003F_010
0.474388,2020-0821-1537-15-500,Sess02_script04_User003F_010
0.473107,2020-0821-1537-15-750,Sess02_script04_User003F_010
0.473107,2020-0821-1537-16-000,Sess02_script04_User003F_010
0.470544,2020-0821-1537-16-250,Sess02_script04_User003F_010
0.473107,2020-0821-1537-16-500,Sess02_script04_User003F_010
0.473107,2020-0821-1537-16-750,Sess02_script04_User003F_010
0.473107,2020-0821-1537-17-000,Sess02_script04_User003F_010
0.484639,2020-0821-1537-17-250,Sess02_script04_User003F_010
0.494891,2020-0821-1537-17-500,Sess02_script04_User003F_010
0.510267,2020-0821-1537-17-750,Sess02_script04_User003F_010
0.521800,2020-0821-1537-18-000,Sess02_script04_User003F_010
0.524363,2020-0821-1537-18-250,Sess02_script04_User003F_010
0.523081,2020-0821-1537-18-500,Sess02_script04_User003F_010
0.516674,2020-0821-1537-18-750,Sess02_script04_User003F_010
0.511549,2020-0821-1537-19-000,Sess02_script04_User003F_010
0.508986,2020-0821-1537-19-250,Sess02_script04_User003F_010
0.505142,2020-0821-1537-19-500,Sess02_script04_User003F_010
0.498735,2020-0821-1537-19-750,Sess02_script04_User003F_010
0.497453,2020-0821-1537-20-000,Sess02_script04_User003F_010
0.498735,2020-0821-1537-20-250,Sess02_script04_User003F_010
0.492328,2020-0821-1537-20-500,Sess02_script04_User003F_010
0.493609,2020-0821-1537-20-750,Sess02_script04_User003F_010
0.494891,2020-0821-1537-21-000,Sess02_script04_User003F_010
0.488483,2020-0821-1537-21-250,Sess02_script04_User003F_010
0.491046,2020-0821-1537-21-500,Sess02_script04_User003F_011
0.491046,2020-0821-1537-21-750,Sess02_script04_User003F_011
0.483358,2020-0821-1537-22-000,Sess02_script04_User003F_011
0.487202,2020-0821-1537-22-250,Sess02_script04_User003F_011
0.483358,2020-0821-1537-22-500,Sess02_script04_User003F_011
0.482076,2020-0821-1537-22-750,Sess02_script04_User003F_011
0.485921,2020-0821-1537-23-000,Sess02_script04_User003F_011
0.483358,2020-0821-1537-23-250,Sess02_script04_User003F_011
0.482076,2020-0821-1537-23-500,Sess02_script04_User003F_011
0.484639,2020-0821-1537-23-750,Sess02_script04_User003F_011
0.482076,2020-0821-1537-24-000,Sess02_script04_User003F_011
0.480795,2020-0821-1537-24-250,Sess02_script04_User003F_011
0.484639,2020-0821-1537-24-500,Sess02_script04_User003F_011
0.480795,2020-0821-1537-24-750,Sess02_script04_User003F_011
0.485921,2020-0821-1537-25-000,Sess02_script04_User003F_011
0.482076,2020-0821-1537-25-250,Sess02_script04_User003F_012
0.479514,2020-0821-1537-25-500,Sess02_script04_User003F_012
0.487202,2020-0821-1537-25-750,Sess02_script04_User003F_012
0.479514,2020-0821-1537-26-000,Sess02_script04_User003F_012
0.478232,2020-0821-1537-26-250,Sess02_script04_User003F_012
0.482076,2020-0821-1537-26-500,Sess02_script04_User003F_012
0.479514,2020-0821-1537-26-750,Sess02_script04_User003F_012
0.476951,2020-0821-1537-27-000,Sess02_script04_User003F_012
0.479514,2020-0821-1537-27-250,Sess02_script04_User003F_012
0.475669,2020-0821-1537-27-500,Sess02_script04_User003F_012
0.476951,2020-0821-1537-27-750,Sess02_script04_User003F_012
0.476951,2020-0821-1537-28-000,Sess02_script04_User003F_012
0.471825,2020-0821-1537-28-250,Sess02_script04_User003F_012
0.475669,2020-0821-1537-28-500,Sess02_script04_User003F_012
0.474388,2020-0821-1537-28-750,Sess02_script04_User003F_012
0.474388,2020-0821-1537-29-000,Sess02_script04_User003F_012
0.474388,2020-0821-1537-29-250,Sess02_script04_User003F_012
0.471825,2020-0821-1537-29-500,Sess02_script04_User003F_012
0.470544,2020-0821-1537-29-750,Sess02_script04_User003F_012
0.471825,2020-0821-1537-30-000,Sess02_script04_User003F_012
0.470544,2020-0821-1537-30-250,Sess02_script04_User003F_012
0.473107,2020-0821-1537-30-500,Sess02_script04_User003F_012
0.474388,2020-0821-1537-30-750,Sess02_script04_User003F_012
0.469262,2020-0821-1537-31-000,Sess02_script04_User003F_012
0.471825,2020-0821-1537-31-250,Sess02_script04_User003F_012
0.474388,2020-0821-1537-31-500,Sess02_script04_User003F_012
0.465418,2020-0821-1537-31-750,Sess02_script04_User003F_012
0.465418,2020-0821-1537-32-000,Sess02_script04_User003F_012
0.464137,2020-0821-1537-32-250,Sess02_script04_User003F_012
0.464137,2020-0821-1537-32-500,Sess02_script04_User003F_012
0.467981,2020-0821-1537-32-750,Sess02_script04_User003F_012
0.464137,2020-0821-1537-33-000,Sess02_script04_User003F_012
0.461574,2020-0821-1537-33-250,Sess02_script04_User003F_012
0.465418,2020-0821-1537-33-500,Sess02_script04_User003F_012
0.464137,2020-0821-1537-33-750,Sess02_script04_User003F_012
0.467981,2020-0821-1537-34-000,Sess02_script04_User003F_012
0.474388,2020-0821-1537-34-250,Sess02_script04_User003F_012
0.474388,2020-0821-1537-34-500,Sess02_script04_User003F_012
0.482076,2020-0821-1537-34-750,Sess02_script04_User003F_012
0.485921,2020-0821-1537-35-000,Sess02_script04_User003F_012
0.478232,2020-0821-1537-35-250,Sess02_script04_User003F_012
0.484639,2020-0821-1537-35-500,Sess02_script04_User003F_013
0.482076,2020-0821-1537-35-750,Sess02_script04_User003F_013
0.476951,2020-0821-1537-36-000,Sess02_script04_User003F_013
0.479514,2020-0821-1537-36-250,Sess02_script04_User003F_013
0.479514,2020-0821-1537-36-500,Sess02_script04_User003F_013
0.473107,2020-0821-1537-36-750,Sess02_script04_User003F_013
0.475669,2020-0821-1537-37-000,Sess02_script04_User003F_013
0.473107,2020-0821-1537-37-250,Sess02_script04_User003F_013
0.471825,2020-0821-1537-37-500,Sess02_script04_User003F_013
0.473107,2020-0821-1537-37-750,Sess02_script04_User003F_013
0.467981,2020-0821-1537-38-000,Sess02_script04_User003F_013
0.470544,2020-0821-1537-38-250
0.474388,2020-0821-1537-38-500
0.469262,2020-0821-1537-38-750
0.467981,2020-0821-1537-39-000
0.467981,2020-0821-1537-39-250
0.464137,2020-0821-1537-39-500
0.465418,2020-0821-1537-39-750
0.465418,2020-0821-1537-40-000
0.462855,2020-0821-1537-40-250
0.465418,2020-0821-1537-40-500
0.462855,2020-0821-1537-40-750
0.462855,2020-0821-1537-41-000
0.464137,2020-0821-1537-41-250
0.466700,2020-0821-1537-41-500
0.461574,2020-0821-1537-41-750
0.462855,2020-0821-1537-42-000
0.465418,2020-0821-1537-42-250
0.462855,2020-0821-1537-42-500
0.461574,2020-0821-1537-42-750
0.462855,2020-0821-1537-43-000
0.457730,2020-0821-1537-43-250
0.459011,2020-0821-1537-43-500
0.460292,2020-0821-1537-43-750
0.456448,2020-0821-1537-44-000
0.460292,2020-0821-1537-44-250
0.456448,2020-0821-1537-44-500
0.456448,2020-0821-1537-44-750
0.457730,2020-0821-1537-45-000
0.455167,2020-0821-1537-45-250
0.455167,2020-0821-1537-45-500
0.459011,2020-0821-1537-45-750
0.452604,2020-0821-1537-46-000
0.452604,2020-0821-1537-46-250
0.456448,2020-0821-1537-46-500
0.452604,2020-0821-1537-46-750
0.457730,2020-0821-1537-47-000
0.456448,2020-0821-1537-47-250
0.452604,2020-0821-1537-47-500
0.453885,2020-0821-1537-47-750
0.453885,2020-0821-1537-48-000
0.451323,2020-0821-1537-48-250
0.452604,2020-0821-1537-48-500
0.451323,2020-0821-1537-48-750
0.453885,2020-0821-1537-49-000
0.456448,2020-0821-1537-49-250
0.456448,2020-0821-1537-49-500
0.464137,2020-0821-1537-49-750
0.469262,2020-0821-1537-50-000
0.464137,2020-0821-1537-50-250
0.467981,2020-0821-1537-50-500
0.465418,2020-0821-1537-50-750
0.462855,2020-0821-1537-51-000
0.465418,2020-0821-1537-51-250
0.462855,2020-0821-1537-51-500
0.459011,2020-0821-1537-51-750
0.460292,2020-0821-1537-52-000
0.457730,2020-0821-1537-52-250
0.462855,2020-0821-1537-52-500,Sess02_script04_User003F_014
0.470544,2020-0821-1537-52-750,Sess02_script04_User003F_014
0.480795,2020-0821-1537-53-000,Sess02_script04_User003F_014
0.497453,2020-0821-1537-53-250,Sess02_script04_User003F_014
0.510267,2020-0821-1537-53-500,Sess02_script04_User003F_014
0.512830,2020-0821-1537-53-750,Sess02_script04_User003F_014
0.516674,2020-0821-1537-54-000,Sess02_script04_User003F_014
0.511549,2020-0821-1537-54-250,Sess02_script04_User003F_014
0.505142,2020-0821-1537-54-500,Sess02_script04_User003F_014
0.506423,2020-0821-1537-54-750,Sess02_script04_User003F_014
0.501298,2020-0821-1537-55-000,Sess02_script04_User003F_014
0.494891,2020-0821-1537-55-250,Sess02_script04_User003F_014
0.496172,2020-0821-1537-55-500,Sess02_script04_User003F_014
0.493609,2020-0821-1537-55-750,Sess02_script04_User003F_014
0.496172,2020-0821-1537-56-000,Sess02_script04_User003F_014
0.496172,2020-0821-1537-56-250,Sess02_script04_User003F_014
0.489765,2020-0821-1537-56-500,Sess02_script04_User003F_014
0.494891,2020-0821-1537-56-750,Sess02_script04_User003F_014
0.491046,2020-0821-1537-57-000,Sess02_script04_User003F_014
0.488483,2020-0821-1537-57-250,Sess02_script04_User003F_014
0.492328,2020-0821-1537-57-500,Sess02_script04_User003F_014
0.487202,2020-0821-1537-57-750,Sess02_script04_User003F_015
0.485921,2020-0821-1537-58-000,Sess02_script04_User003F_015
0.488483,2020-0821-1537-58-250,Sess02_script04_User003F_015
0.485921,2020-0821-1537-58-500,Sess02_script04_User003F_015
0.483358,2020-0821-1537-58-750,Sess02_script04_User003F_015
0.487202,2020-0821-1537-59-000,Sess02_script04_User003F_015
0.483358,2020-0821-1537-59-250,Sess02_script04_User003F_015
0.482076,2020-0821-1537-59-500,Sess02_script04_User003F_015
0.487202,2020-0821-1537-59-750,Sess02_script04_User003F_015
0.482076,2020-0821-1538-00-000,Sess02_script04_User003F_015
0.492328,2020-0821-1538-00-250,Sess02_script04_User003F_015
0.500016,2020-0821-1538-00-500,Sess02_script04_User003F_015
0.500016,2020-0821-1538-00-750,Sess02_script04_User003F_015
0.506423,2020-0821-1538-01-000,Sess02_script04_User003F_015
0.507705,2020-0821-1538-01-250,Sess02_script04_User003F_015
0.503860,2020-0821-1538-01-500,Sess02_script04_User003F_015
0.503860,2020-0821-1538-01-750,Sess02_script04_User003F_015
0.503860,2020-0821-1538-02-000,Sess02_script04_User003F_015
0.494891,2020-0821-1538-02-250,Sess02_script04_User003F_015
0.498735,2020-0821-1538-02-500,Sess02_script04_User003F_015
0.493609,2020-0821-1538-02-750,Sess02_script04_User003F_015
0.492328,2020-0821-1538-03-000,Sess02_script04_User003F_015
0.494891,2020-0821-1538-03-250,Sess02_script04_User003F_016
0.496172,2020-0821-1538-03-500,Sess02_script04_User003F_016
0.500016,2020-0821-1538-03-750,Sess02_script04_User003F_016
0.505142,2020-0821-1538-04-000,Sess02_script04_User003F_016
0.501298,2020-0821-1538-04-250,Sess02_script04_User003F_016
0.505142,2020-0821-1538-04-500,Sess02_script04_User003F_016
0.505142,2020-0821-1538-04-750,Sess02_script04_User003F_016
0.496172,2020-0821-1538-05-000,Sess02_script04_User003F_017
0.498735,2020-0821-1538-05-250,Sess02_script04_User003F_017
0.494891,2020-0821-1538-05-500,Sess02_script04_User003F_017
0.493609,2020-0821-1538-05-750,Sess02_script04_User003F_017
0.496172,2020-0821-1538-06-000,Sess02_script04_User003F_017
0.496172,2020-0821-1538-06-250,Sess02_script04_User003F_017
0.492328,2020-0821-1538-06-500,Sess02_script04_User003F_017
0.494891,2020-0821-1538-06-750,Sess02_script04_User003F_017
0.492328,2020-0821-1538-07-000,Sess02_script04_User003F_017
0.492328,2020-0821-1538-07-250,Sess02_script04_User003F_017
0.492328,2020-0821-1538-07-500,Sess02_script04_User003F_017
0.491046,2020-0821-1538-07-750,Sess02_script04_User003F_017
0.489765,2020-0821-1538-08-000,Sess02_script04_User003F_017
0.492328,2020-0821-1538-08-250,Sess02_script04_User003F_017
0.492328,2020-0821-1538-08-500,Sess02_script04_User003F_018
0.494891,2020-0821-1538-08-750,Sess02_script04_User003F_018
0.492328,2020-0821-1538-09-000,Sess02_script04_User003F_018
0.488483,2020-0821-1538-09-250,Sess02_script04_User003F_018
0.492328,2020-0821-1538-09-500,Sess02_script04_User003F_018
0.492328,2020-0821-1538-09-750,Sess02_script04_User003F_018
0.489765,2020-0821-1538-10-000,Sess02_script04_User003F_018
0.489765,2020-0821-1538-10-250,Sess02_script04_User003F_018
0.489765,2020-0821-1538-10-500,Sess02_script04_User003F_018
0.485921,2020-0821-1538-10-750,Sess02_script04_User003F_018
0.487202,2020-0821-1538-11-000,Sess02_script04_User003F_018
0.487202,2020-0821-1538-11-250,Sess02_script04_User003F_018
0.484639,2020-0821-1538-11-500,Sess02_script04_User003F_018
0.487202,2020-0821-1538-11-750,Sess02_script04_User003F_018
0.485921,2020-0821-1538-12-000,Sess02_script04_User003F_018
0.482076,2020-0821-1538-12-250,Sess02_script04_User003F_018
0.485921,2020-0821-1538-12-500,Sess02_script04_User003F_018
0.483358,2020-0821-1538-12-750,Sess02_script04_User003F_018
0.485921,2020-0821-1538-13-000,Sess02_script04_User003F_018
0.484639,2020-0821-1538-13-250,Sess02_script04_User003F_018
0.480795,2020-0821-1538-13-500,Sess02_script04_User003F_018
0.475669,2020-0821-1538-13-750,Sess02_script04_User003F_018
0.482076,2020-0821-1538-14-000,Sess02_script04_User003F_018
0.476951,2020-0821-1538-14-250,Sess02_script04_User003F_018
0.482076,2020-0821-1538-14-500,Sess02_script04_User003F_018
0.482076,2020-0821-1538-14-750,Sess02_script04_User003F_018
0.478232,2020-0821-1538-15-000,Sess02_script04_User003F_018
0.480795,2020-0821-1538-15-250,Sess02_script04_User003F_018
0.476951,2020-0821-1538-15-500,Sess02_script04_User003F_018
0.475669,2020-0821-1538-15-750,Sess02_script04_User003F_018
0.479514,2020-0821-1538-16-000,Sess02_script04_User003F_018
0.478232,2020-0821-1538-16-250,Sess02_script04_User003F_018
0.471825,2020-0821-1538-16-500,Sess02_script04_User003F_018
0.478232,2020-0821-1538-16-750,Sess02_script04_User003F_018
0.476951,2020-0821-1538-17-000,Sess02_script04_User003F_018
0.478232,2020-0821-1538-17-250,Sess02_script04_User003F_018
0.478232,2020-0821-1538-17-500,Sess02_script04_User003F_018
0.473107,2020-0821-1538-17-750,Sess02_script04_User003F_018
0.474388,2020-0821-1538-18-000,Sess02_script04_User003F_018
0.475669,2020-0821-1538-18-250,Sess02_script04_User003F_018
0.470544,2020-0821-1538-18-500,Sess02_script04_User003F_018
0.471825,2020-0821-1538-18-750,Sess02_script04_User003F_018
0.470544,2020-0821-1538-19-000,Sess02_script04_User003F_018
0.466700,2020-0821-1538-19-250,Sess02_script04_User003F_018
0.471825,2020-0821-1538-19-500,Sess02_script04_User003F_018
0.464137,2020-0821-1538-19-750,Sess02_script04_User003F_018
0.465418,2020-0821-1538-20-000,Sess02_script04_User003F_018
0.466700,2020-0821-1538-20-250,Sess02_script04_User003F_018
0.464137,2020-0821-1538-20-500,Sess02_script04_User003F_018
0.462855,2020-0821-1538-20-750,Sess02_script04_User003F_018
0.464137,2020-0821-1538-21-000,Sess02_script04_User003F_018
0.462855,2020-0821-1538-21-250,Sess02_script04_User003F_018
0.469262,2020-0821-1538-21-500,Sess02_script04_User003F_018
0.465418,2020-0821-1538-21-750,Sess02_script04_User003F_018
0.466700,2020-0821-1538-22-000,Sess02_script04_User003F_018
0.471825,2020-0821-1538-22-250,Sess02_script04_User003F_018
0.466700,2020-0821-1538-22-500,Sess02_script04_User003F_018
0.467981,2020-0821-1538-22-750,Sess02_script04_User003F_018
0.471825,2020-0821-1538-23-000,Sess02_script04_User003F_018
0.470544,2020-0821-1538-23-250,Sess02_script04_User003F_018
0.466700,2020-0821-1538-23-500,Sess02_script04_User003F_018
0.469262,2020-0821-1538-23-750,Sess02_script04_User003F_018
0.467981,2020-0821-1538-24-000
0.464137,2020-0821-1538-24-250
0.470544,2020-0821-1538-24-500
0.465418,2020-0821-1538-24-750
0.465418,2020-0821-1538-25-000
0.470544,2020-0821-1538-25-250
0.466700,2020-0821-1538-25-500
0.467981,2020-0821-1538-25-750
0.470544,2020-0821-1538-26-000
0.469262,2020-0821-1538-26-250
0.464137,2020-0821-1538-26-500
0.465418,2020-0821-1538-26-750
0.467981,2020-0821-1538-27-000
0.462855,2020-0821-1538-27-250
0.461574,2020-0821-1538-27-500
0.467981,2020-0821-1538-27-750
0.462855,2020-0821-1538-28-000
0.465418,2020-0821-1538-28-250
0.465418,2020-0821-1538-28-500
0.462855,2020-0821-1538-28-750
0.466700,2020-0821-1538-29-000
0.464137,2020-0821-1538-29-250
0.460292,2020-0821-1538-29-500
0.461574,2020-0821-1538-29-750
0.462855,2020-0821-1538-30-000,Sess02_script04_User003F_019
0.456448,2020-0821-1538-30-250,Sess02_script04_User003F_019
0.459011,2020-0821-1538-30-500,Sess02_script04_User003F_019
0.462855,2020-0821-1538-30-750,Sess02_script04_User003F_019
0.461574,2020-0821-1538-31-000,Sess02_script04_User003F_019
0.456448,2020-0821-1538-31-250,Sess02_script04_User003F_019
0.461574,2020-0821-1538-31-500,Sess02_script04_User003F_019
0.462855,2020-0821-1538-31-750,Sess02_script04_User003F_019
0.457730,2020-0821-1538-32-000,Sess02_script04_User003F_019
0.461574,2020-0821-1538-32-250,Sess02_script04_User003F_019
0.462855,2020-0821-1538-32-500,Sess02_script04_User003F_019
0.457730,2020-0821-1538-32-750,Sess02_script04_User003F_019
0.455167,2020-0821-1538-33-000,Sess02_script04_User003F_019
0.460292,2020-0821-1538-33-250,Sess02_script04_User003F_019
0.464137,2020-0821-1538-33-500,Sess02_script04_User003F_019
0.460292,2020-0821-1538-33-750,Sess02_script04_User003F_019
0.461574,2020-0821-1538-34-000,Sess02_script04_User003F_019
0.462855,2020-0821-1538-34-250,Sess02_script04_User003F_019
0.459011,2020-0821-1538-34-500,Sess02_script04_User003F_019
0.459011,2020-0821-1538-34-750,Sess02_script04_User003F_019
0.460292,2020-0821-1538-35-000,Sess02_script04_User003F_019
0.462855,2020-0821-1538-35-250,Sess02_script04_User003F_019
0.460292,2020-0821-1538-35-500,Sess02_script04_User003F_019
0.453885,2020-0821-1538-35-750,Sess02_script04_User003F_019
0.461574,2020-0821-1538-36-000,Sess02_script04_User003F_019
0.456448,2020-0821-1538-36-250,Sess02_script04_User003F_019
0.455167,2020-0821-1538-36-500,Sess02_script04_User003F_019
0.459011,2020-0821-1538-36-750
0.455167,2020-0821-1538-37-000
0.455167,2020-0821-1538-37-250
0.457730,2020-0821-1538-37-500
0.459011,2020-0821-1538-37-750
0.453885,2020-0821-1538-38-000
0.456448,2020-0821-1538-38-250
0.452604,2020-0821-1538-38-500
0.453885,2020-0821-1538-38-750
0.452604,2020-0821-1538-39-000
0.455167,2020-0821-1538-39-250
0.455167,2020-0821-1538-39-500
0.451323,2020-0821-1538-39-750
0.453885,2020-0821-1538-40-000
0.455167,2020-0821-1538-40-250
0.450041,2020-0821-1538-40-500
0.452604,2020-0821-1538-40-750
0.453885,2020-0821-1538-41-000
0.448760,2020-0821-1538-41-250
0.447478,2020-0821-1538-41-500
0.450041,2020-0821-1538-41-750
0.451323,2020-0821-1538-42-000
0.447478,2020-0821-1538-42-250
0.450041,2020-0821-1538-42-500
0.451323,2020-0821-1538-42-750
0.447478,2020-0821-1538-43-000
0.450041,2020-0821-1538-43-250
0.450041,2020-0821-1538-43-500
0.447478,2020-0821-1538-43-750
0.443634,2020-0821-1538-44-000
0.450041,2020-0821-1538-44-250
0.450041,2020-0821-1538-44-500
0.447478,2020-0821-1538-44-750
0.451323,2020-0821-1538-45-000
0.448760,2020-0821-1538-45-250
0.444916,2020-0821-1538-45-500
0.446197,2020-0821-1538-45-750
0.448760,2020-0821-1538-46-000
0.446197,2020-0821-1538-46-250
0.442353,2020-0821-1538-46-500
0.444916,2020-0821-1538-46-750
0.446197,2020-0821-1538-47-000
0.442353,2020-0821-1538-47-250
0.444916,2020-0821-1538-47-500
0.446197,2020-0821-1538-47-750
0.442353,2020-0821-1538-48-000
0.443634,2020-0821-1538-48-250
0.446197,2020-0821-1538-48-500
0.443634,2020-0821-1538-48-750
0.439790,2020-0821-1538-49-000
0.442353,2020-0821-1538-49-250
0.437227,2020-0821-1538-49-500
0.441071,2020-0821-1538-49-750
0.441071,2020-0821-1538-50-000
0.443634,2020-0821-1538-50-250
0.438509,2020-0821-1538-50-500
0.441071,2020-0821-1538-50-750
0.435946,2020-0821-1538-51-000
0.433383,2020-0821-1538-51-250
0.434664,2020-0821-1538-51-500
0.443634,2020-0821-1538-51-750
0.447478,2020-0821-1538-52-000
0.443634,2020-0821-1538-52-250
0.448760,2020-0821-1538-52-500
0.451323,2020-0821-1538-52-750
0.444916,2020-0821-1538-53-000,Sess02_script04_User003F_020
0.451323,2020-0821-1538-53-250,Sess02_script04_User003F_020
0.453885,2020-0821-1538-53-500,Sess02_script04_User003F_020
0.460292,2020-0821-1538-53-750,Sess02_script04_User003F_020
0.469262,2020-0821-1538-54-000,Sess02_script04_User003F_020
0.476951,2020-0821-1538-54-250,Sess02_script04_User003F_020
0.473107,2020-0821-1538-54-500,Sess02_script04_User003F_020
0.476951,2020-0821-1538-54-750,Sess02_script04_User003F_020
0.473107,2020-0821-1538-55-000,Sess02_script04_User003F_020
0.467981,2020-0821-1538-55-250,Sess02_script04_User003F_020
0.478232,2020-0821-1538-55-500,Sess02_script04_User003F_020
0.479514,2020-0821-1538-55-750,Sess02_script04_User003F_020
0.473107,2020-0821-1538-56-000,Sess02_script04_User003F_020
0.476951,2020-0821-1538-56-250,Sess02_script04_User003F_020
0.482076,2020-0821-1538-56-500,Sess02_script04_User003F_020
0.479514,2020-0821-1538-56-750,Sess02_script04_User003F_020
0.473107,2020-0821-1538-57-000,Sess02_script04_User003F_020
0.471825,2020-0821-1538-57-250,Sess02_script04_User003F_020
0.471825,2020-0821-1538-57-500,Sess02_script04_User003F_020
0.460292,2020-0821-1538-57-750,Sess02_script04_User003F_021
0.469262,2020-0821-1538-58-000,Sess02_script04_User003F_021
0.469262,2020-0821-1538-58-250,Sess02_script04_User003F_021
0.461574,2020-0821-1538-58-500,Sess02_script04_User003F_021
0.464137,2020-0821-1538-58-750,Sess02_script04_User003F_021
0.464137,2020-0821-1538-59-000,Sess02_script04_User003F_021
0.460292,2020-0821-1538-59-250,Sess02_script04_User003F_021
0.461574,2020-0821-1538-59-500,Sess02_script04_User003F_021
0.462855,2020-0821-1538-59-750,Sess02_script04_User003F_021
0.460292,2020-0821-1539-00-000,Sess02_script04_User003F_021
0.457730,2020-0821-1539-00-250,Sess02_script04_User003F_021
0.460292,2020-0821-1539-00-500,Sess02_script04_User003F_021
0.460292,2020-0821-1539-00-750,Sess02_script04_User003F_021
0.455167,2020-0821-1539-01-000,Sess02_script04_User003F_021
0.459011,2020-0821-1539-01-250,Sess02_script04_User003F_021
0.457730,2020-0821-1539-01-500,Sess02_script04_User003F_021
0.453885,2020-0821-1539-01-750,Sess02_script04_User003F_021
0.452604,2020-0821-1539-02-000,Sess02_script04_User003F_021
0.457730,2020-0821-1539-02-250,Sess02_script04_User003F_021
0.453885,2020-0821-1539-02-500,Sess02_script04_User003F_021
0.451323,2020-0821-1539-02-750,Sess02_script04_User003F_021
0.455167,2020-0821-1539-03-000,Sess02_script04_User003F_021
0.455167,2020-0821-1539-03-250,Sess02_script04_User003F_021
0.452604,2020-0821-1539-03-500,Sess02_script04_User003F_021
0.450041,2020-0821-1539-03-750,Sess02_script04_User003F_021
0.455167,2020-0821-1539-04-000,Sess02_script04_User003F_021
0.448760,2020-0821-1539-04-250,Sess02_script04_User003F_021
0.447478,2020-0821-1539-04-500,Sess02_script04_User003F_021
0.450041,2020-0821-1539-04-750,Sess02_script04_User003F_021
0.451323,2020-0821-1539-05-000,Sess02_script04_User003F_021
0.447478,2020-0821-1539-05-250,Sess02_script04_User003F_021
0.448760,2020-0821-1539-05-500,Sess02_script04_User003F_021
0.451323,2020-0821-1539-05-750,Sess02_script04_User003F_021
0.447478,2020-0821-1539-06-000,Sess02_script04_User003F_021
0.450041,2020-0821-1539-06-250,Sess02_script04_User003F_021
0.450041,2020-0821-1539-06-500,Sess02_script04_User003F_022
0.446197,2020-0821-1539-06-750,Sess02_script04_User003F_022
0.444916,2020-0821-1539-07-000,Sess02_script04_User003F_022
0.447478,2020-0821-1539-07-250,Sess02_script04_User003F_022
0.447478,2020-0821-1539-07-500,Sess02_script04_User003F_022
0.443634,2020-0821-1539-07-750,Sess02_script04_User003F_022
0.446197,2020-0821-1539-08-000,Sess02_script04_User003F_022
0.448760,2020-0821-1539-08-250,Sess02_script04_User003F_022
0.442353,2020-0821-1539-08-500,Sess02_script04_User003F_022
0.442353,2020-0821-1539-08-750,Sess02_script04_User003F_022
0.444916,2020-0821-1539-09-000,Sess02_script04_User003F_022
0.443634,2020-0821-1539-09-250,Sess02_script04_User003F_022
0.442353,2020-0821-1539-09-500
0.442353,2020-0821-1539-09-750
0.444916,2020-0821-1539-10-000
0.439790,2020-0821-1539-10-250
0.442353,2020-0821-1539-10-500
0.443634,2020-0821-1539-10-750
0.439790,2020-0821-1539-11-000
0.439790,2020-0821-1539-11-250
0.441071,2020-0821-1539-11-500
0.439790,2020-0821-1539-11-750
0.434664,2020-0821-1539-12-000
0.438509,2020-0821-1539-12-250
0.441071,2020-0821-1539-12-500
0.435946,2020-0821-1539-12-750
0.439790,2020-0821-1539-13-000
0.438509,2020-0821-1539-13-250
0.434664,2020-0821-1539-13-500
0.437227,2020-0821-1539-13-750
0.441071,2020-0821-1539-14-000
0.438509,2020-0821-1539-14-250
0.441071,2020-0821-1539-14-500
0.443634,2020-0821-1539-14-750
0.442353,2020-0821-1539-15-000
0.437227,2020-0821-1539-15-250
0.441071,2020-0821-1539-15-500
0.439790,2020-0821-1539-15-750
0.434664,2020-0821-1539-16-000
0.433383,2020-0821-1539-16-250
0.439790,2020-0821-1539-16-500
0.434664,2020-0821-1539-16-750
0.430820,2020-0821-1539-17-000
0.433383,2020-0821-1539-17-250
0.437227,2020-0821-1539-17-500
0.432102,2020-0821-1539-17-750
0.433383,2020-0821-1539-18-000
0.434664,2020-0821-1539-18-250
0.433383,2020-0821-1539-18-500
0.430820,2020-0821-1539-18-750
0.433383,2020-0821-1539-19-000
0.433383,2020-0821-1539-19-250
0.432102,2020-0821-1539-19-500
0.428257,2020-0821-1539-19-750
0.432102,2020-0821-1539-20-000
0.428257,2020-0821-1539-20-250
0.430820,2020-0821-1539-20-500
0.429539,2020-0821-1539-20-750
0.428257,2020-0821-1539-21-000
0.426976,2020-0821-1539-21-250
0.429539,2020-0821-1539-21-500
0.429539,2020-0821-1539-21-750
0.426976,2020-0821-1539-22-000
0.428257,2020-0821-1539-22-250
0.424413,2020-0821-1539-22-500
0.425694,2020-0821-1539-22-750
0.423132,2020-0821-1539-23-000
0.428257,2020-0821-1539-23-250
0.428257,2020-0821-1539-23-500
0.420569,2020-0821-1539-23-750
0.424413,2020-0821-1539-24-000
0.425694,2020-0821-1539-24-250
0.421850,2020-0821-1539-24-500
0.421850,2020-0821-1539-24-750
0.424413,2020-0821-1539-25-000
0.419287,2020-0821-1539-25-250
0.421850,2020-0821-1539-25-500
0.423132,2020-0821-1539-25-750
0.421850,2020-0821-1539-26-000
0.415443,2020-0821-1539-26-250
0.418006,2020-0821-1539-26-500
0.420569,2020-0821-1539-26-750
0.415443,2020-0821-1539-27-000
0.415443,2020-0821-1539-27-250
0.419287,2020-0821-1539-27-500
0.415443,2020-0821-1539-27-750
0.410318,2020-0821-1539-28-000
0.418006,2020-0821-1539-28-250
0.419287,2020-0821-1539-28-500
0.414162,2020-0821-1539-28-750
0.415443,2020-0821-1539-29-000
0.418006,2020-0821-1539-29-250
0.415443,2020-0821-1539-29-500
0.410318,2020-0821-1539-29-750
0.442353,2020-0821-1539-30-000
0.415443,2020-0821-1539-30-250
0.411599,2020-0821-1539-30-500
0.410318,2020-0821-1539-30-750
0.414162,2020-0821-1539-31-000
0.407755,2020-0821-1539-31-250
0.412880,2020-0821-1539-31-500
0.412880,2020-0821-1539-31-750
0.411599,2020-0821-1539-32-000
0.410318,2020-0821-1539-32-250
0.415443,2020-0821-1539-32-500
0.442353,2020-0821-1539-32-750
0.412880,2020-0821-1539-33-000
0.412880,2020-0821-1539-33-250
0.414162,2020-0821-1539-33-500
0.409036,2020-0821-1539-33-750
0.414162,2020-0821-1539-34-000
0.411599,2020-0821-1539-34-250
0.407755,2020-0821-1539-34-500,Sess02_script04_User003F_023
0.407755,2020-0821-1539-34-750,Sess02_script04_User003F_023
0.412880,2020-0821-1539-35-000,Sess02_script04_User003F_023
0.411599,2020-0821-1539-35-250,Sess02_script04_User003F_023
0.409036,2020-0821-1539-35-500,Sess02_script04_User003F_023
0.416725,2020-0821-1539-35-750,Sess02_script04_User003F_023
0.418006,2020-0821-1539-36-000,Sess02_script04_User003F_023
0.419287,2020-0821-1539-36-250
0.433383,2020-0821-1539-36-500
0.441071,2020-0821-1539-36-750
0.435946,2020-0821-1539-37-000
0.439790,2020-0821-1539-37-250
0.439790,2020-0821-1539-37-500
0.437227,2020-0821-1539-37-750
0.434664,2020-0821-1539-38-000
0.434664,2020-0821-1539-38-250
0.430820,2020-0821-1539-38-500
0.428257,2020-0821-1539-38-750
0.428257,2020-0821-1539-39-000
0.428257,2020-0821-1539-39-250
0.425694,2020-0821-1539-39-500
0.426976,2020-0821-1539-39-750,Sess02_script04_User003F_024
0.424413,2020-0821-1539-40-000,Sess02_script04_User003F_024
0.421850,2020-0821-1539-40-250,Sess02_script04_User003F_024
0.421850,2020-0821-1539-40-500,Sess02_script04_User003F_024
0.424413,2020-0821-1539-40-750,Sess02_script04_User003F_024
0.421850,2020-0821-1539-41-000,Sess02_script04_User003F_024
0.419287,2020-0821-1539-41-250,Sess02_script04_User003F_024
0.421850,2020-0821-1539-41-500,Sess02_script04_User003F_024
0.419287,2020-0821-1539-41-750,Sess02_script04_User003F_024
0.418006,2020-0821-1539-42-000,Sess02_script04_User003F_024
0.416725,2020-0821-1539-42-250
0.420569,2020-0821-1539-42-500
0.415443,2020-0821-1539-42-750
0.414162,2020-0821-1539-43-000
0.419287,2020-0821-1539-43-250
0.416725,2020-0821-1539-43-500
0.420569,2020-0821-1539-43-750
0.432102,2020-0821-1539-44-000
0.442353,2020-0821-1539-44-250
0.447478,2020-0821-1539-44-500
0.467981,2020-0821-1539-44-750
0.478232,2020-0821-1539-45-000
0.483358,2020-0821-1539-45-250
0.493609,2020-0821-1539-45-500
0.500016,2020-0821-1539-45-750
0.515393,2020-0821-1539-46-000
0.541021,2020-0821-1539-46-250
0.584589,2020-0821-1539-46-500
0.590996,2020-0821-1539-46-750
0.605092,2020-0821-1539-47-000
0.603810,2020-0821-1539-47-250
0.596122,2020-0821-1539-47-500
0.582026,2020-0821-1539-47-750
0.571775,2020-0821-1539-48-000
0.565368,2020-0821-1539-48-250
0.552554,2020-0821-1539-48-500
0.546147,2020-0821-1539-48-750
0.546147,2020-0821-1539-49-000
0.539740,2020-0821-1539-49-250
0.534614,2020-0821-1539-49-500
0.535896,2020-0821-1539-49-750
0.530770,2020-0821-1539-50-000
0.528207,2020-0821-1539-50-250
0.529489,2020-0821-1539-50-500
0.530770,2020-0821-1539-50-750
0.525644,2020-0821-1539-51-000
0.521800,2020-0821-1539-51-250
0.524363,2020-0821-1539-51-500
0.524363,2020-0821-1539-51-750
0.516674,2020-0821-1539-52-000
0.519237,2020-0821-1539-52-250
0.520519,2020-0821-1539-52-500
0.511549,2020-0821-1539-52-750
0.514112,2020-0821-1539-53-000
0.517956,2020-0821-1539-53-250
0.512830,2020-0821-1539-53-500
0.510267,2020-0821-1539-53-750
0.512830,2020-0821-1539-54-000
0.512830,2020-0821-1539-54-250
0.508986,2020-0821-1539-54-500
0.507705,2020-0821-1539-54-750
0.510267,2020-0821-1539-55-000
0.501298,2020-0821-1539-55-250
0.501298,2020-0821-1539-55-500
0.502579,2020-0821-1539-55-750
0.500016,2020-0821-1539-56-000
0.498735,2020-0821-1539-56-250
0.505142,2020-0821-1539-56-500
0.501298,2020-0821-1539-56-750
0.500016,2020-0821-1539-57-000
0.500016,2020-0821-1539-57-250
0.498735,2020-0821-1539-57-500
0.497453,2020-0821-1539-57-750
0.493609,2020-0821-1539-58-000
0.492328,2020-0821-1539-58-250
0.496172,2020-0821-1539-58-500
0.493609,2020-0821-1539-58-750
0.497453,2020-0821-1539-59-000
0.496172,2020-0821-1539-59-250
0.488483,2020-0821-1539-59-500
0.489765,2020-0821-1539-59-750
0.491046,2020-0821-1540-00-000
0.487202,2020-0821-1540-00-250
0.485921,2020-0821-1540-00-500
0.491046,2020-0821-1540-00-750
0.487202,2020-0821-1540-01-000
0.484639,2020-0821-1540-01-250
0.487202,2020-0821-1540-01-500
0.487202,2020-0821-1540-01-750
0.484639,2020-0821-1540-02-000
0.482076,2020-0821-1540-02-250
0.485921,2020-0821-1540-02-500
0.483358,2020-0821-1540-02-750
0.479514,2020-0821-1540-03-000
0.483358,2020-0821-1540-03-250
0.483358,2020-0821-1540-03-500
0.475669,2020-0821-1540-03-750
0.482076,2020-0821-1540-04-000
0.480795,2020-0821-1540-04-250
0.479514,2020-0821-1540-04-500
0.488483,2020-0821-1540-04-750
0.498735,2020-0821-1540-05-000
0.505142,2020-0821-1540-05-250
0.506423,2020-0821-1540-05-500
0.511549,2020-0821-1540-05-750
0.511549,2020-0821-1540-06-000
0.503860,2020-0821-1540-06-250
0.500016,2020-0821-1540-06-500
0.501298,2020-0821-1540-06-750
0.491046,2020-0821-1540-07-000
0.493609,2020-0821-1540-07-250
0.491046,2020-0821-1540-07-500
0.489765,2020-0821-1540-07-750
0.485921,2020-0821-1540-08-000
0.489765,2020-0821-1540-08-250
0.488483,2020-0821-1540-08-500
0.483358,2020-0821-1540-08-750
0.484639,2020-0821-1540-09-000
0.483358,2020-0821-1540-09-250
0.483358,2020-0821-1540-09-500
0.484639,2020-0821-1540-09-750
0.482076,2020-0821-1540-10-000
0.480795,2020-0821-1540-10-250
0.478232,2020-0821-1540-10-500
0.480795,2020-0821-1540-10-750
0.476951,2020-0821-1540-11-000
0.475669,2020-0821-1540-11-250
0.480795,2020-0821-1540-11-500
0.475669,2020-0821-1540-11-750
0.471825,2020-0821-1540-12-000
0.478232,2020-0821-1540-12-250
0.478232,2020-0821-1540-12-500
0.475669,2020-0821-1540-12-750
0.492328,2020-0821-1540-13-000
0.511549,2020-0821-1540-13-250
0.530770,2020-0821-1540-13-500
0.548710,2020-0821-1540-13-750
0.570494,2020-0821-1540-14-000
0.576901,2020-0821-1540-14-250
0.570494,2020-0821-1540-14-500
0.558961,2020-0821-1540-14-750
0.549991,2020-0821-1540-15-000
0.541021,2020-0821-1540-15-250
0.539740,2020-0821-1540-15-500
0.533333,2020-0821-1540-15-750
0.525644,2020-0821-1540-16-000
0.525644,2020-0821-1540-16-250
0.520519,2020-0821-1540-16-500
0.516674,2020-0821-1540-16-750
0.517956,2020-0821-1540-17-000
0.515393,2020-0821-1540-17-250
0.507705,2020-0821-1540-17-500
0.508986,2020-0821-1540-17-750
0.514112,2020-0821-1540-18-000
0.508986,2020-0821-1540-18-250
0.506423,2020-0821-1540-18-500
0.514112,2020-0821-1540-18-750
0.521800,2020-0821-1540-19-000
0.526926,2020-0821-1540-19-250
0.542303,2020-0821-1540-19-500
0.546147,2020-0821-1540-19-750
0.538458,2020-0821-1540-20-000
0.533333,2020-0821-1540-20-250
0.530770,2020-0821-1540-20-500
0.524363,2020-0821-1540-20-750
0.523081,2020-0821-1540-21-000
0.519237,2020-0821-1540-21-250
0.514112,2020-0821-1540-21-500
0.514112,2020-0821-1540-21-750
0.515393,2020-0821-1540-22-000
0.511549,2020-0821-1540-22-250
0.508986,2020-0821-1540-22-500
0.510267,2020-0821-1540-22-750
0.508986,2020-0821-1540-23-000
0.505142,2020-0821-1540-23-250
0.510267,2020-0821-1540-23-500
0.507705,2020-0821-1540-23-750
0.503860,2020-0821-1540-24-000
0.506423,2020-0821-1540-24-250
0.505142,2020-0821-1540-24-500
0.503860,2020-0821-1540-24-750
0.506423,2020-0821-1540-25-000
0.519237,2020-0821-1540-25-250
0.529489,2020-0821-1540-25-500
0.533333,2020-0821-1540-25-750
0.543584,2020-0821-1540-26-000
0.546147,2020-0821-1540-26-250
0.539740,2020-0821-1540-26-500
0.533333,2020-0821-1540-26-750
0.530770,2020-0821-1540-27-000
0.524363,2020-0821-1540-27-250
0.519237,2020-0821-1540-27-500
0.517956,2020-0821-1540-27-750
0.520519,2020-0821-1540-28-000
0.511549,2020-0821-1540-28-250
0.508986,2020-0821-1540-28-500
0.514112,2020-0821-1540-28-750
0.506423,2020-0821-1540-29-000
0.506423,2020-0821-1540-29-250
0.510267,2020-0821-1540-29-500
0.505142,2020-0821-1540-29-750
0.503860,2020-0821-1540-30-000
0.511549,2020-0821-1540-30-250
0.523081,2020-0821-1540-30-500
0.528207,2020-0821-1540-30-750
0.551272,2020-0821-1540-31-000
0.558961,2020-0821-1540-31-250
0.560242,2020-0821-1540-31-500
0.564087,2020-0821-1540-31-750
0.553835,2020-0821-1540-32-000
0.546147,2020-0821-1540-32-250
0.537177,2020-0821-1540-32-500
0.538458,2020-0821-1540-32-750
0.533333,2020-0821-1540-33-000
0.528207,2020-0821-1540-33-250
0.529489,2020-0821-1540-33-500
0.528207,2020-0821-1540-33-750
0.521800,2020-0821-1540-34-000
0.525644,2020-0821-1540-34-250
0.529489,2020-0821-1540-34-500
0.524363,2020-0821-1540-34-750
0.529489,2020-0821-1540-35-000
0.528207,2020-0821-1540-35-250
0.525644,2020-0821-1540-35-500
0.523081,2020-0821-1540-35-750
0.524363,2020-0821-1540-36-000
0.526926,2020-0821-1540-36-250
0.523081,2020-0821-1540-36-500
0.537177,2020-0821-1540-36-750
0.544865,2020-0821-1540-37-000
0.544865,2020-0821-1540-37-250
0.551272,2020-0821-1540-37-500
0.553835,2020-0821-1540-37-750
0.548710,2020-0821-1540-38-000
0.543584,2020-0821-1540-38-250
0.544865,2020-0821-1540-38-500
0.538458,2020-0821-1540-38-750
0.537177,2020-0821-1540-39-000
0.543584,2020-0821-1540-39-250
0.542303,2020-0821-1540-39-500
0.539740,2020-0821-1540-39-750
0.543584,2020-0821-1540-40-000
0.542303,2020-0821-1540-40-250
0.534614,2020-0821-1540-40-500
0.539740,2020-0821-1540-40-750
0.541021,2020-0821-1540-41-000
0.535896,2020-0821-1540-41-250
0.534614,2020-0821-1540-41-500
0.537177,2020-0821-1540-41-750
0.534614,2020-0821-1540-42-000
0.530770,2020-0821-1540-42-250
0.541021,2020-0821-1540-42-500
0.556398,2020-0821-1540-42-750
0.567931,2020-0821-1540-43-000
0.599966,2020-0821-1540-43-250
0.617906,2020-0821-1540-43-500
0.620468,2020-0821-1540-43-750
0.625594,2020-0821-1540-44-000
0.615343,2020-0821-1540-44-250
0.603810,2020-0821-1540-44-500
0.602529,2020-0821-1540-44-750
0.593559,2020-0821-1540-45-000
0.587152,2020-0821-1540-45-250
0.588433,2020-0821-1540-45-500
0.585871,2020-0821-1540-45-750
0.585871,2020-0821-1540-46-000
0.584589,2020-0821-1540-46-250
0.582026,2020-0821-1540-46-500
0.579463,2020-0821-1540-46-750
0.575619,2020-0821-1540-47-000
0.574338,2020-0821-1540-47-250
0.576901,2020-0821-1540-47-500
0.569212,2020-0821-1540-47-750
0.570494,2020-0821-1540-48-000
0.575619,2020-0821-1540-48-250
0.569212,2020-0821-1540-48-500
0.573056,2020-0821-1540-48-750
0.571775,2020-0821-1540-49-000
0.567931,2020-0821-1540-49-250
0.566649,2020-0821-1540-49-500
0.567931,2020-0821-1540-49-750
0.564087,2020-0821-1540-50-000
0.564087,2020-0821-1540-50-250
0.566649,2020-0821-1540-50-500
0.565368,2020-0821-1540-50-750
0.561524,2020-0821-1540-51-000,Sess02_script04_User003F_025
0.562805,2020-0821-1540-51-250,Sess02_script04_User003F_025
0.564087,2020-0821-1540-51-500,Sess02_script04_User003F_025
0.557680,2020-0821-1540-51-750,Sess02_script04_User003F_025
0.560242,2020-0821-1540-52-000,Sess02_script04_User003F_025
0.560242,2020-0821-1540-52-250,Sess02_script04_User003F_025
0.553835,2020-0821-1540-52-500,Sess02_script04_User003F_025
0.562805,2020-0821-1540-52-750,Sess02_script04_User003F_025
0.583308,2020-0821-1540-53-000,Sess02_script04_User003F_025
0.607654,2020-0821-1540-53-250,Sess02_script04_User003F_025
0.634564,2020-0821-1540-53-500,Sess02_script04_User003F_025
0.652504,2020-0821-1540-53-750,Sess02_script04_User003F_025
0.652504,2020-0821-1540-54-000,Sess02_script04_User003F_025
0.642252,2020-0821-1540-54-250,Sess02_script04_User003F_025
0.635845,2020-0821-1540-54-500,Sess02_script04_User003F_025
0.629438,2020-0821-1540-54-750
0.619187,2020-0821-1540-55-000
0.638408,2020-0821-1540-55-250
0.611499,2020-0821-1540-55-500
0.603810,2020-0821-1540-55-750
0.601247,2020-0821-1540-56-000
0.601247,2020-0821-1540-56-250
0.597403,2020-0821-1540-56-500
0.597403,2020-0821-1540-56-750
0.598685,2020-0821-1540-57-000
0.598685,2020-0821-1540-57-250
0.599966,2020-0821-1540-57-500
0.606373,2020-0821-1540-57-750
0.607654,2020-0821-1540-58-000
0.605092,2020-0821-1540-58-250
0.606373,2020-0821-1540-58-500
0.606373,2020-0821-1540-58-750
0.603810,2020-0821-1540-59-000
0.603810,2020-0821-1540-59-250
0.602529,2020-0821-1540-59-500
0.594840,2020-0821-1540-59-750
0.593559,2020-0821-1541-00-000
0.597403,2020-0821-1541-00-250
0.583308,2020-0821-1541-00-500
0.569212,2020-0821-1541-00-750
0.635845,2020-0821-1541-01-000
0.652504,2020-0821-1541-01-250
0.730670,2020-0821-1541-01-500
0.792177,2020-0821-1541-01-750
0.881876,2020-0821-1541-02-000
0.948509,2020-0821-1541-02-250
1.006172,2020-0821-1541-02-500
1.040770,2020-0821-1541-02-750
0.961392,2020-0821-1541-03-000
0.940890,2020-0821-1541-03-250
0.915262,2020-0821-1541-03-500
0.883226,2020-0821-1541-03-750
0.871694,2020-0821-1541-04-000
0.857598,2020-0821-1541-04-250
0.847347,2020-0821-1541-04-500
0.846065,2020-0821-1541-04-750
0.839658,2020-0821-1541-05-000
0.828126,2020-0821-1541-05-250
0.828126,2020-0821-1541-05-500
0.821719,2020-0821-1541-05-750
0.814030,2020-0821-1541-06-000
0.807623,2020-0821-1541-06-250
0.808905,2020-0821-1541-06-500
0.802498,2020-0821-1541-06-750
0.798653,2020-0821-1541-07-000
0.801216,2020-0821-1541-07-250
0.796091,2020-0821-1541-07-500
0.790965,2020-0821-1541-07-750
0.796091,2020-0821-1541-08-000
0.792246,2020-0821-1541-08-250
0.802498,2020-0821-1541-08-500
0.825563,2020-0821-1541-08-750
0.881945,2020-0821-1541-09-000
0.903729,2020-0821-1541-09-250
0.930638,2020-0821-1541-09-500
0.933201,2020-0821-1541-09-750
0.921669,2020-0821-1541-10-000
0.910136,2020-0821-1541-10-250
0.897322,2020-0821-1541-10-500
0.880664,2020-0821-1541-10-750
0.876819,2020-0821-1541-11-000
0.874256,2020-0821-1541-11-250
0.869131,2020-0821-1541-11-500
0.866568,2020-0821-1541-11-750
0.865287,2020-0821-1541-12-000
0.860161,2020-0821-1541-12-250
0.851191,2020-0821-1541-12-500
0.862724,2020-0821-1541-12-750
0.861442,2020-0821-1541-13-000
0.852472,2020-0821-1541-13-250
0.857598,2020-0821-1541-13-500
0.857598,2020-0821-1541-13-750
